set define off
set escape '\'

Insert into FEATURE_TYPE (FEATURE_TYPE_ID, NAME, TITLE, NS, NS_URL, WEB_FEATURE_SERVICE_ID, NATIVE_NAME) Values (4293, 'SUBTERRANEAN', 'Subterranean Right', 'gwc', 'http://gis.nyc.gov/gwc', 4, 'SUBTERRANEAN');
Insert into FEATURE_TYPE_ATTRIBUTE (FEATURE_TYPE_ATTRIBUTE_ID, NAME, TYPE, IDENTIFIER, IS_TITLE, FEATURE_TYPE_ID, IS_DB_ATTRIBUTE, TITLE) Values (8713, 'BBL', 'java.lang.String', 'Y', 'Y', 4293, 'Y', 'ACRIS');
Insert into FEATURE_TYPE_ATTRIBUTE (FEATURE_TYPE_ATTRIBUTE_ID, NAME, TYPE, IDENTIFIER, IS_TITLE, FEATURE_TYPE_ID, IS_DB_ATTRIBUTE, TITLE) Values (8714, 'BLOCK', 'java.lang.Double', 'N', 'N', 4293, 'Y', 'BLOCK');
Insert into FEATURE_TYPE_ATTRIBUTE (FEATURE_TYPE_ATTRIBUTE_ID, NAME, TYPE, IDENTIFIER, IS_TITLE, FEATURE_TYPE_ID, IS_DB_ATTRIBUTE, TITLE) Values (8715, 'BORO', 'java.lang.String', 'N', 'N', 4293, 'Y', 'BORO');
Insert into FEATURE_TYPE_ATTRIBUTE (FEATURE_TYPE_ATTRIBUTE_ID, NAME, TYPE, IDENTIFIER, IS_TITLE, FEATURE_TYPE_ID, IS_DB_ATTRIBUTE, TITLE) Values (8716, 'EFFECTIVE_TAX_YEAR', 'java.lang.String', 'N', 'N', 4293, 'Y', 'Effective Tax Year');
Insert into FEATURE_TYPE_ATTRIBUTE (FEATURE_TYPE_ATTRIBUTE_ID, NAME, TYPE, IDENTIFIER, IS_TITLE, FEATURE_TYPE_ID, IS_DB_ATTRIBUTE, TITLE) Values (8717, 'SUBTERRANEAN_LOT', 'java.lang.Double', 'N', 'N', 4293, 'Y', 'Lot');

Insert into FEATURE_TYPE (FEATURE_TYPE_ID, NAME, TITLE, NS, NS_URL, WEB_FEATURE_SERVICE_ID, NATIVE_NAME) Values (5551, 'SUBTERRANEAN_LOT', 'Subterranean Lot', 'gwc', 'http://gis.nyc.gov/gwc', 4, 'SUBTERRANEAN_LOT');
Insert into FEATURE_TYPE_ATTRIBUTE (FEATURE_TYPE_ATTRIBUTE_ID, NAME, TYPE, IDENTIFIER, IS_TITLE, FEATURE_TYPE_ID, IS_DB_ATTRIBUTE, TITLE) Values (12220, 'BBL', 'java.lang.String', 'Y', 'N', 5551, 'Y', 'BBL');
Insert into FEATURE_TYPE_ATTRIBUTE (FEATURE_TYPE_ATTRIBUTE_ID, NAME, TYPE, IDENTIFIER, IS_TITLE, FEATURE_TYPE_ID, IS_DB_ATTRIBUTE, TITLE) Values (12221, 'DISTANCE', 'java.lang.Double', 'N', 'N', 5551, 'N', 'DISTANCE');
Insert into FEATURE_TYPE_ATTRIBUTE (FEATURE_TYPE_ATTRIBUTE_ID, NAME, TYPE, IDENTIFIER, IS_TITLE, FEATURE_TYPE_ID, IS_DB_ATTRIBUTE, TITLE) Values (12222, 'INDEX', 'java.lang.Integer', 'N', 'N', 5551, 'N', 'INDEX');
Insert into FEATURE_TYPE_ATTRIBUTE (FEATURE_TYPE_ATTRIBUTE_ID, NAME, TYPE, IDENTIFIER, IS_TITLE, FEATURE_TYPE_ID, IS_DB_ATTRIBUTE, TITLE) Values (12223, 'appurtenant_bbl', 'java.lang.String', 'N', 'N', 5551, 'Y', 'appurtenant_bbl');
Insert into FEATURE_TYPE_ATTRIBUTE (FEATURE_TYPE_ATTRIBUTE_ID, NAME, TYPE, IDENTIFIER, IS_TITLE, FEATURE_TYPE_ID, IS_DB_ATTRIBUTE, TITLE) Values (12224, 'appurtenant_block', 'java.lang.Integer', 'N', 'N', 5551, 'Y', 'appurtenant_block');
Insert into FEATURE_TYPE_ATTRIBUTE (FEATURE_TYPE_ATTRIBUTE_ID, NAME, TYPE, IDENTIFIER, IS_TITLE, FEATURE_TYPE_ID, IS_DB_ATTRIBUTE, TITLE) Values (12225, 'appurtenant_boro', 'java.lang.String', 'N', 'N', 5551, 'Y', 'appurtenant_boro');
Insert into FEATURE_TYPE_ATTRIBUTE (FEATURE_TYPE_ATTRIBUTE_ID, NAME, TYPE, IDENTIFIER, IS_TITLE, FEATURE_TYPE_ID, IS_DB_ATTRIBUTE, TITLE) Values (12226, 'appurtenant_lot', 'java.lang.Integer', 'N', 'N', 5551, 'Y', 'appurtenant_lot');
Insert into FEATURE_TYPE_ATTRIBUTE (FEATURE_TYPE_ATTRIBUTE_ID, NAME, TYPE, IDENTIFIER, IS_TITLE, FEATURE_TYPE_ID, IS_DB_ATTRIBUTE, TITLE) Values (12227, 'effective_tax_year', 'java.lang.String', 'N', 'N', 5551, 'Y', 'effective_tax_year');
Insert into FEATURE_TYPE_ATTRIBUTE (FEATURE_TYPE_ATTRIBUTE_ID, NAME, TYPE, IDENTIFIER, IS_TITLE, FEATURE_TYPE_ID, IS_DB_ATTRIBUTE, TITLE) Values (12228, 'shape', 'com.vividsolutions.jts.geom.MultiPolygon', 'N', 'N', 5551, 'Y', 'shape');
Insert into FEATURE_TYPE_ATTRIBUTE (FEATURE_TYPE_ATTRIBUTE_ID, NAME, TYPE, IDENTIFIER, IS_TITLE, FEATURE_TYPE_ID, IS_DB_ATTRIBUTE, TITLE) Values (12229, 'subterranean_lot_number', 'java.lang.Integer', 'N', 'Y', 5551, 'Y', 'subterranean_lot_number');


Insert into FT_DATA_STORE_RENDERER (FT_DATA_STORE_RENDERER_ID, FEATURE_TYPE_ID, TABULAR, NAME, TITLE) Values (10153, 4293, 'Y', 'SUBTERRANEANIdentifyRenderer', 'Subterranean Right');
Insert into LINK (LINK_ID, NAME, TEXT, TITLE, HREF, TARGET) Values (801, 'SUB_ACRIS', 'View', 'View this Subterranean Lot in ACRIS', 'http://a836-acris.nyc.gov/bblsearch/bblsearch.asp?borough=${BORO}&block=${BLOCK}&lot=${SUBTERRANEAN_LOT}', '_new');
Insert into FT_DATA_STORE_REND_FIELD (FT_DATA_STORE_REND_FIELD_ID, FEATURE_TYPE_ATTRIBUTE_ID, FT_DATA_STORE_RENDERER_ID, LINK_ID, DISPLAY_TITLE, LINK_ONLY, RENDER_ORDER) Values (15452, 8713, 10153, 801, 'Y', 'Y', 1);
Insert into FT_DATA_STORE_REND_FIELD (FT_DATA_STORE_REND_FIELD_ID, FEATURE_TYPE_ATTRIBUTE_ID, FT_DATA_STORE_RENDERER_ID, DISPLAY_TITLE, LINK_ONLY, RENDER_ORDER) Values (15453, 8717, 10153, 'Y', 'N', 2);
Insert into FT_DATA_STORE_REND_FIELD (FT_DATA_STORE_REND_FIELD_ID, FEATURE_TYPE_ATTRIBUTE_ID, FT_DATA_STORE_RENDERER_ID, DISPLAY_TITLE, LINK_ONLY, RENDER_ORDER) Values (15454, 8716, 10153, 'Y', 'N', 3);


Insert into FT_DATA_STORE_RENDERER (FT_DATA_STORE_RENDERER_ID, FEATURE_TYPE_ID, TABULAR, NAME, TITLE) Values (10611, 5551, 'N', 'SUBTERRANEAN_LOT_IdentifyRenderer', 'Subterranean Lot');
Insert into LINK (LINK_ID, NAME, TEXT, TITLE, HREF, TARGET) Values (1167, 'SUB_LOT_ACRIS', 'View', 'View this Subterranean Lot in ACRIS', 'http://a836-acris.nyc.gov/bblsearch/bblsearch.asp?borough=${appurtenant_boro}&block=${appurtenant_block}&lot=${appurtenant_lot}', '_new');
Insert into FT_DATA_STORE_REND_FIELD (FT_DATA_STORE_REND_FIELD_ID, FEATURE_TYPE_ATTRIBUTE_ID, FT_DATA_STORE_RENDERER_ID, LINK_ID, DISPLAY_TITLE, LINK_ONLY, RENDER_ORDER, VALUE_PREFIX) Values (15967, 12220, 10611, 1167, 'N', 'Y', 1, '<b>View In ACRIS:&nbsp;</b>');
Insert into FT_DATA_STORE_REND_FIELD (FT_DATA_STORE_REND_FIELD_ID, FEATURE_TYPE_ATTRIBUTE_ID, FT_DATA_STORE_RENDERER_ID, DISPLAY_TITLE, LINK_ONLY, RENDER_ORDER, VALUE_PREFIX) Values (15952, 12229, 10611, 'N', 'N', 2, '<br /><b>Subterranean Lot:&nbsp;</b>');
Insert into FT_DATA_STORE_REND_FIELD (FT_DATA_STORE_REND_FIELD_ID, FEATURE_TYPE_ATTRIBUTE_ID, FT_DATA_STORE_RENDERER_ID, DISPLAY_TITLE, LINK_ONLY, RENDER_ORDER, VALUE_PREFIX) Values (15953, 12227, 10611, 'N', 'N', 3, '<br /><b>Effective Tax Year:&nbsp;</b>');
Insert into FT_DATA_STORE_REND_FIELD (FT_DATA_STORE_REND_FIELD_ID, FEATURE_TYPE_ATTRIBUTE_ID, FT_DATA_STORE_RENDERER_ID, DISPLAY_TITLE, LINK_ONLY, RENDER_ORDER) Values (15949, 12226, 10611, 'N', 'N', 1);

