set escape '\'


insert into TOC(TOC_ID, NAME) values (18490, 'DTM');

Insert into STYLE
   (STYLE_ID, 
    NAME, SLD_NAME)
 Values
   (29632, 'DTM Polygon Selection', 'dtm_polygon_selection');

Insert into APPLICATION
   (APPLICATION_ID, 
    NAME, DESCRIPTION, IS_DEFAULT, TOC_ID, SEARCH_LOCATION_STYLE_ID, 
    SEARCH_AREA_STYLE_ID, MAP_BACKGROUND_STYLE_ID, THEMATIC_POLYGON_ZOOM_STYLE_ID, INCLUDE_POLYGONS_WO_COUNTS, BUILDING_OUTLINE_STYLE_ID, 
    INTRANET, CACHE_BUST)
 Values
   (8756, 'DTM', 'DOF Digital Tax Map', 'N', 18490, 
    12122, 29632, 12124, 13, 'Y', 
    29632, 'N', 80);

insert into FEATURE_TYPE_GROUP(FEATURE_TYPE_GROUP_ID, NAME, TITLE, MULTI_SELECT, FOR_THEMATIC_RENDERING) values (362, 'MUNI_BND_DTM', 'Municipal Boundaries', 'N', 'N');
insert into GROUPED_COMPOUND_FEATURE_TYPE(FEATURE_TYPE_GROUP_ID, COMPOUND_FEATURE_TYPE_ID, GROUP_ORDER) values (362, 618, 1);
update GROUPED_COMPOUND_FEATURE_TYPE set GROUP_ORDER = 12 where COMPOUND_FEATURE_TYPE_ID = 615;
update GROUPED_COMPOUND_FEATURE_TYPE set GROUP_ORDER = 8 where COMPOUND_FEATURE_TYPE_ID = 631;
update GROUPED_COMPOUND_FEATURE_TYPE set GROUP_ORDER = 6 where COMPOUND_FEATURE_TYPE_ID = 614;
update GROUPED_COMPOUND_FEATURE_TYPE set GROUP_ORDER = 3 where COMPOUND_FEATURE_TYPE_ID = 612;
update GROUPED_COMPOUND_FEATURE_TYPE set GROUP_ORDER = 1 where COMPOUND_FEATURE_TYPE_ID = 618;
update GROUPED_COMPOUND_FEATURE_TYPE set GROUP_ORDER = 10 where COMPOUND_FEATURE_TYPE_ID = 658;
update GROUPED_COMPOUND_FEATURE_TYPE set GROUP_ORDER = 13 where COMPOUND_FEATURE_TYPE_ID = 639;
update GROUPED_COMPOUND_FEATURE_TYPE set GROUP_ORDER = 7 where COMPOUND_FEATURE_TYPE_ID = 616;
update GROUPED_COMPOUND_FEATURE_TYPE set GROUP_ORDER = 14 where COMPOUND_FEATURE_TYPE_ID = 632;
update GROUPED_COMPOUND_FEATURE_TYPE set GROUP_ORDER = 9 where COMPOUND_FEATURE_TYPE_ID = 650;
update GROUPED_COMPOUND_FEATURE_TYPE set GROUP_ORDER = 4 where COMPOUND_FEATURE_TYPE_ID = 655;
update GROUPED_COMPOUND_FEATURE_TYPE set GROUP_ORDER = 2 where COMPOUND_FEATURE_TYPE_ID = 661;
update GROUPED_COMPOUND_FEATURE_TYPE set GROUP_ORDER = 5 where COMPOUND_FEATURE_TYPE_ID = 637;
update GROUPED_COMPOUND_FEATURE_TYPE set GROUP_ORDER = 11 where COMPOUND_FEATURE_TYPE_ID = 621;
insert into GROUPED_COMPOUND_FEATURE_TYPE(FEATURE_TYPE_GROUP_ID, COMPOUND_FEATURE_TYPE_ID, GROUP_ORDER) values (362, 661, 2);
update GROUPED_COMPOUND_FEATURE_TYPE set GROUP_ORDER = 12 where COMPOUND_FEATURE_TYPE_ID = 615;
update GROUPED_COMPOUND_FEATURE_TYPE set GROUP_ORDER = 8 where COMPOUND_FEATURE_TYPE_ID = 631;
update GROUPED_COMPOUND_FEATURE_TYPE set GROUP_ORDER = 6 where COMPOUND_FEATURE_TYPE_ID = 614;
update GROUPED_COMPOUND_FEATURE_TYPE set GROUP_ORDER = 3 where COMPOUND_FEATURE_TYPE_ID = 612;
update GROUPED_COMPOUND_FEATURE_TYPE set GROUP_ORDER = 1 where COMPOUND_FEATURE_TYPE_ID = 618;
update GROUPED_COMPOUND_FEATURE_TYPE set GROUP_ORDER = 10 where COMPOUND_FEATURE_TYPE_ID = 658;
update GROUPED_COMPOUND_FEATURE_TYPE set GROUP_ORDER = 13 where COMPOUND_FEATURE_TYPE_ID = 639;
update GROUPED_COMPOUND_FEATURE_TYPE set GROUP_ORDER = 7 where COMPOUND_FEATURE_TYPE_ID = 616;
update GROUPED_COMPOUND_FEATURE_TYPE set GROUP_ORDER = 14 where COMPOUND_FEATURE_TYPE_ID = 632;
update GROUPED_COMPOUND_FEATURE_TYPE set GROUP_ORDER = 9 where COMPOUND_FEATURE_TYPE_ID = 650;
update GROUPED_COMPOUND_FEATURE_TYPE set GROUP_ORDER = 4 where COMPOUND_FEATURE_TYPE_ID = 655;
update GROUPED_COMPOUND_FEATURE_TYPE set GROUP_ORDER = 2 where COMPOUND_FEATURE_TYPE_ID = 661;
update GROUPED_COMPOUND_FEATURE_TYPE set GROUP_ORDER = 5 where COMPOUND_FEATURE_TYPE_ID = 637;
update GROUPED_COMPOUND_FEATURE_TYPE set GROUP_ORDER = 11 where COMPOUND_FEATURE_TYPE_ID = 621;
insert into GROUPED_COMPOUND_FEATURE_TYPE(FEATURE_TYPE_GROUP_ID, COMPOUND_FEATURE_TYPE_ID, GROUP_ORDER) values (362, 612, 3);
update GROUPED_COMPOUND_FEATURE_TYPE set GROUP_ORDER = 12 where COMPOUND_FEATURE_TYPE_ID = 615;
update GROUPED_COMPOUND_FEATURE_TYPE set GROUP_ORDER = 8 where COMPOUND_FEATURE_TYPE_ID = 631;
update GROUPED_COMPOUND_FEATURE_TYPE set GROUP_ORDER = 6 where COMPOUND_FEATURE_TYPE_ID = 614;
update GROUPED_COMPOUND_FEATURE_TYPE set GROUP_ORDER = 3 where COMPOUND_FEATURE_TYPE_ID = 612;
update GROUPED_COMPOUND_FEATURE_TYPE set GROUP_ORDER = 1 where COMPOUND_FEATURE_TYPE_ID = 618;
update GROUPED_COMPOUND_FEATURE_TYPE set GROUP_ORDER = 10 where COMPOUND_FEATURE_TYPE_ID = 658;
update GROUPED_COMPOUND_FEATURE_TYPE set GROUP_ORDER = 13 where COMPOUND_FEATURE_TYPE_ID = 639;
update GROUPED_COMPOUND_FEATURE_TYPE set GROUP_ORDER = 7 where COMPOUND_FEATURE_TYPE_ID = 616;
update GROUPED_COMPOUND_FEATURE_TYPE set GROUP_ORDER = 14 where COMPOUND_FEATURE_TYPE_ID = 632;
update GROUPED_COMPOUND_FEATURE_TYPE set GROUP_ORDER = 9 where COMPOUND_FEATURE_TYPE_ID = 650;
update GROUPED_COMPOUND_FEATURE_TYPE set GROUP_ORDER = 4 where COMPOUND_FEATURE_TYPE_ID = 655;
update GROUPED_COMPOUND_FEATURE_TYPE set GROUP_ORDER = 2 where COMPOUND_FEATURE_TYPE_ID = 661;
update GROUPED_COMPOUND_FEATURE_TYPE set GROUP_ORDER = 5 where COMPOUND_FEATURE_TYPE_ID = 637;
update GROUPED_COMPOUND_FEATURE_TYPE set GROUP_ORDER = 11 where COMPOUND_FEATURE_TYPE_ID = 621;
insert into GROUPED_COMPOUND_FEATURE_TYPE(FEATURE_TYPE_GROUP_ID, COMPOUND_FEATURE_TYPE_ID, GROUP_ORDER) values (362, 655, 4);
update GROUPED_COMPOUND_FEATURE_TYPE set GROUP_ORDER = 12 where COMPOUND_FEATURE_TYPE_ID = 615;
update GROUPED_COMPOUND_FEATURE_TYPE set GROUP_ORDER = 8 where COMPOUND_FEATURE_TYPE_ID = 631;
update GROUPED_COMPOUND_FEATURE_TYPE set GROUP_ORDER = 6 where COMPOUND_FEATURE_TYPE_ID = 614;
update GROUPED_COMPOUND_FEATURE_TYPE set GROUP_ORDER = 3 where COMPOUND_FEATURE_TYPE_ID = 612;
update GROUPED_COMPOUND_FEATURE_TYPE set GROUP_ORDER = 1 where COMPOUND_FEATURE_TYPE_ID = 618;
update GROUPED_COMPOUND_FEATURE_TYPE set GROUP_ORDER = 10 where COMPOUND_FEATURE_TYPE_ID = 658;
update GROUPED_COMPOUND_FEATURE_TYPE set GROUP_ORDER = 13 where COMPOUND_FEATURE_TYPE_ID = 639;
update GROUPED_COMPOUND_FEATURE_TYPE set GROUP_ORDER = 7 where COMPOUND_FEATURE_TYPE_ID = 616;
update GROUPED_COMPOUND_FEATURE_TYPE set GROUP_ORDER = 14 where COMPOUND_FEATURE_TYPE_ID = 632;
update GROUPED_COMPOUND_FEATURE_TYPE set GROUP_ORDER = 9 where COMPOUND_FEATURE_TYPE_ID = 650;
update GROUPED_COMPOUND_FEATURE_TYPE set GROUP_ORDER = 4 where COMPOUND_FEATURE_TYPE_ID = 655;
update GROUPED_COMPOUND_FEATURE_TYPE set GROUP_ORDER = 2 where COMPOUND_FEATURE_TYPE_ID = 661;
update GROUPED_COMPOUND_FEATURE_TYPE set GROUP_ORDER = 5 where COMPOUND_FEATURE_TYPE_ID = 637;
update GROUPED_COMPOUND_FEATURE_TYPE set GROUP_ORDER = 11 where COMPOUND_FEATURE_TYPE_ID = 621;
insert into GROUPED_COMPOUND_FEATURE_TYPE(FEATURE_TYPE_GROUP_ID, COMPOUND_FEATURE_TYPE_ID, GROUP_ORDER) values (362, 637, 5);
update GROUPED_COMPOUND_FEATURE_TYPE set GROUP_ORDER = 12 where COMPOUND_FEATURE_TYPE_ID = 615;
update GROUPED_COMPOUND_FEATURE_TYPE set GROUP_ORDER = 8 where COMPOUND_FEATURE_TYPE_ID = 631;
update GROUPED_COMPOUND_FEATURE_TYPE set GROUP_ORDER = 6 where COMPOUND_FEATURE_TYPE_ID = 614;
update GROUPED_COMPOUND_FEATURE_TYPE set GROUP_ORDER = 3 where COMPOUND_FEATURE_TYPE_ID = 612;
update GROUPED_COMPOUND_FEATURE_TYPE set GROUP_ORDER = 1 where COMPOUND_FEATURE_TYPE_ID = 618;
update GROUPED_COMPOUND_FEATURE_TYPE set GROUP_ORDER = 10 where COMPOUND_FEATURE_TYPE_ID = 658;
update GROUPED_COMPOUND_FEATURE_TYPE set GROUP_ORDER = 13 where COMPOUND_FEATURE_TYPE_ID = 639;
update GROUPED_COMPOUND_FEATURE_TYPE set GROUP_ORDER = 7 where COMPOUND_FEATURE_TYPE_ID = 616;
update GROUPED_COMPOUND_FEATURE_TYPE set GROUP_ORDER = 14 where COMPOUND_FEATURE_TYPE_ID = 632;
update GROUPED_COMPOUND_FEATURE_TYPE set GROUP_ORDER = 9 where COMPOUND_FEATURE_TYPE_ID = 650;
update GROUPED_COMPOUND_FEATURE_TYPE set GROUP_ORDER = 4 where COMPOUND_FEATURE_TYPE_ID = 655;
update GROUPED_COMPOUND_FEATURE_TYPE set GROUP_ORDER = 2 where COMPOUND_FEATURE_TYPE_ID = 661;
update GROUPED_COMPOUND_FEATURE_TYPE set GROUP_ORDER = 5 where COMPOUND_FEATURE_TYPE_ID = 637;
update GROUPED_COMPOUND_FEATURE_TYPE set GROUP_ORDER = 11 where COMPOUND_FEATURE_TYPE_ID = 621;
insert into GROUPED_COMPOUND_FEATURE_TYPE(FEATURE_TYPE_GROUP_ID, COMPOUND_FEATURE_TYPE_ID, GROUP_ORDER) values (362, 614, 6);
update GROUPED_COMPOUND_FEATURE_TYPE set GROUP_ORDER = 12 where COMPOUND_FEATURE_TYPE_ID = 615;
update GROUPED_COMPOUND_FEATURE_TYPE set GROUP_ORDER = 8 where COMPOUND_FEATURE_TYPE_ID = 631;
update GROUPED_COMPOUND_FEATURE_TYPE set GROUP_ORDER = 6 where COMPOUND_FEATURE_TYPE_ID = 614;
update GROUPED_COMPOUND_FEATURE_TYPE set GROUP_ORDER = 3 where COMPOUND_FEATURE_TYPE_ID = 612;
update GROUPED_COMPOUND_FEATURE_TYPE set GROUP_ORDER = 1 where COMPOUND_FEATURE_TYPE_ID = 618;
update GROUPED_COMPOUND_FEATURE_TYPE set GROUP_ORDER = 10 where COMPOUND_FEATURE_TYPE_ID = 658;
update GROUPED_COMPOUND_FEATURE_TYPE set GROUP_ORDER = 13 where COMPOUND_FEATURE_TYPE_ID = 639;
update GROUPED_COMPOUND_FEATURE_TYPE set GROUP_ORDER = 7 where COMPOUND_FEATURE_TYPE_ID = 616;
update GROUPED_COMPOUND_FEATURE_TYPE set GROUP_ORDER = 14 where COMPOUND_FEATURE_TYPE_ID = 632;
update GROUPED_COMPOUND_FEATURE_TYPE set GROUP_ORDER = 9 where COMPOUND_FEATURE_TYPE_ID = 650;
update GROUPED_COMPOUND_FEATURE_TYPE set GROUP_ORDER = 4 where COMPOUND_FEATURE_TYPE_ID = 655;
update GROUPED_COMPOUND_FEATURE_TYPE set GROUP_ORDER = 2 where COMPOUND_FEATURE_TYPE_ID = 661;
update GROUPED_COMPOUND_FEATURE_TYPE set GROUP_ORDER = 5 where COMPOUND_FEATURE_TYPE_ID = 637;
update GROUPED_COMPOUND_FEATURE_TYPE set GROUP_ORDER = 11 where COMPOUND_FEATURE_TYPE_ID = 621;
insert into GROUPED_COMPOUND_FEATURE_TYPE(FEATURE_TYPE_GROUP_ID, COMPOUND_FEATURE_TYPE_ID, GROUP_ORDER) values (362, 616, 7);
update GROUPED_COMPOUND_FEATURE_TYPE set GROUP_ORDER = 12 where COMPOUND_FEATURE_TYPE_ID = 615;
update GROUPED_COMPOUND_FEATURE_TYPE set GROUP_ORDER = 8 where COMPOUND_FEATURE_TYPE_ID = 631;
update GROUPED_COMPOUND_FEATURE_TYPE set GROUP_ORDER = 6 where COMPOUND_FEATURE_TYPE_ID = 614;
update GROUPED_COMPOUND_FEATURE_TYPE set GROUP_ORDER = 3 where COMPOUND_FEATURE_TYPE_ID = 612;
update GROUPED_COMPOUND_FEATURE_TYPE set GROUP_ORDER = 1 where COMPOUND_FEATURE_TYPE_ID = 618;
update GROUPED_COMPOUND_FEATURE_TYPE set GROUP_ORDER = 10 where COMPOUND_FEATURE_TYPE_ID = 658;
update GROUPED_COMPOUND_FEATURE_TYPE set GROUP_ORDER = 13 where COMPOUND_FEATURE_TYPE_ID = 639;
update GROUPED_COMPOUND_FEATURE_TYPE set GROUP_ORDER = 7 where COMPOUND_FEATURE_TYPE_ID = 616;
update GROUPED_COMPOUND_FEATURE_TYPE set GROUP_ORDER = 14 where COMPOUND_FEATURE_TYPE_ID = 632;
update GROUPED_COMPOUND_FEATURE_TYPE set GROUP_ORDER = 9 where COMPOUND_FEATURE_TYPE_ID = 650;
update GROUPED_COMPOUND_FEATURE_TYPE set GROUP_ORDER = 4 where COMPOUND_FEATURE_TYPE_ID = 655;
update GROUPED_COMPOUND_FEATURE_TYPE set GROUP_ORDER = 2 where COMPOUND_FEATURE_TYPE_ID = 661;
update GROUPED_COMPOUND_FEATURE_TYPE set GROUP_ORDER = 5 where COMPOUND_FEATURE_TYPE_ID = 637;
update GROUPED_COMPOUND_FEATURE_TYPE set GROUP_ORDER = 11 where COMPOUND_FEATURE_TYPE_ID = 621;
insert into GROUPED_COMPOUND_FEATURE_TYPE(FEATURE_TYPE_GROUP_ID, COMPOUND_FEATURE_TYPE_ID, GROUP_ORDER) values (362, 631, 8);
update GROUPED_COMPOUND_FEATURE_TYPE set GROUP_ORDER = 12 where COMPOUND_FEATURE_TYPE_ID = 615;
update GROUPED_COMPOUND_FEATURE_TYPE set GROUP_ORDER = 8 where COMPOUND_FEATURE_TYPE_ID = 631;
update GROUPED_COMPOUND_FEATURE_TYPE set GROUP_ORDER = 6 where COMPOUND_FEATURE_TYPE_ID = 614;
update GROUPED_COMPOUND_FEATURE_TYPE set GROUP_ORDER = 3 where COMPOUND_FEATURE_TYPE_ID = 612;
update GROUPED_COMPOUND_FEATURE_TYPE set GROUP_ORDER = 1 where COMPOUND_FEATURE_TYPE_ID = 618;
update GROUPED_COMPOUND_FEATURE_TYPE set GROUP_ORDER = 10 where COMPOUND_FEATURE_TYPE_ID = 658;
update GROUPED_COMPOUND_FEATURE_TYPE set GROUP_ORDER = 13 where COMPOUND_FEATURE_TYPE_ID = 639;
update GROUPED_COMPOUND_FEATURE_TYPE set GROUP_ORDER = 7 where COMPOUND_FEATURE_TYPE_ID = 616;
update GROUPED_COMPOUND_FEATURE_TYPE set GROUP_ORDER = 14 where COMPOUND_FEATURE_TYPE_ID = 632;
update GROUPED_COMPOUND_FEATURE_TYPE set GROUP_ORDER = 9 where COMPOUND_FEATURE_TYPE_ID = 650;
update GROUPED_COMPOUND_FEATURE_TYPE set GROUP_ORDER = 4 where COMPOUND_FEATURE_TYPE_ID = 655;
update GROUPED_COMPOUND_FEATURE_TYPE set GROUP_ORDER = 2 where COMPOUND_FEATURE_TYPE_ID = 661;
update GROUPED_COMPOUND_FEATURE_TYPE set GROUP_ORDER = 5 where COMPOUND_FEATURE_TYPE_ID = 637;
update GROUPED_COMPOUND_FEATURE_TYPE set GROUP_ORDER = 11 where COMPOUND_FEATURE_TYPE_ID = 621;
insert into GROUPED_COMPOUND_FEATURE_TYPE(FEATURE_TYPE_GROUP_ID, COMPOUND_FEATURE_TYPE_ID, GROUP_ORDER) values (362, 650, 9);
update GROUPED_COMPOUND_FEATURE_TYPE set GROUP_ORDER = 12 where COMPOUND_FEATURE_TYPE_ID = 615;
update GROUPED_COMPOUND_FEATURE_TYPE set GROUP_ORDER = 8 where COMPOUND_FEATURE_TYPE_ID = 631;
update GROUPED_COMPOUND_FEATURE_TYPE set GROUP_ORDER = 6 where COMPOUND_FEATURE_TYPE_ID = 614;
update GROUPED_COMPOUND_FEATURE_TYPE set GROUP_ORDER = 3 where COMPOUND_FEATURE_TYPE_ID = 612;
update GROUPED_COMPOUND_FEATURE_TYPE set GROUP_ORDER = 1 where COMPOUND_FEATURE_TYPE_ID = 618;
update GROUPED_COMPOUND_FEATURE_TYPE set GROUP_ORDER = 10 where COMPOUND_FEATURE_TYPE_ID = 658;
update GROUPED_COMPOUND_FEATURE_TYPE set GROUP_ORDER = 13 where COMPOUND_FEATURE_TYPE_ID = 639;
update GROUPED_COMPOUND_FEATURE_TYPE set GROUP_ORDER = 7 where COMPOUND_FEATURE_TYPE_ID = 616;
update GROUPED_COMPOUND_FEATURE_TYPE set GROUP_ORDER = 14 where COMPOUND_FEATURE_TYPE_ID = 632;
update GROUPED_COMPOUND_FEATURE_TYPE set GROUP_ORDER = 9 where COMPOUND_FEATURE_TYPE_ID = 650;
update GROUPED_COMPOUND_FEATURE_TYPE set GROUP_ORDER = 4 where COMPOUND_FEATURE_TYPE_ID = 655;
update GROUPED_COMPOUND_FEATURE_TYPE set GROUP_ORDER = 2 where COMPOUND_FEATURE_TYPE_ID = 661;
update GROUPED_COMPOUND_FEATURE_TYPE set GROUP_ORDER = 5 where COMPOUND_FEATURE_TYPE_ID = 637;
update GROUPED_COMPOUND_FEATURE_TYPE set GROUP_ORDER = 11 where COMPOUND_FEATURE_TYPE_ID = 621;
insert into GROUPED_COMPOUND_FEATURE_TYPE(FEATURE_TYPE_GROUP_ID, COMPOUND_FEATURE_TYPE_ID, GROUP_ORDER) values (362, 658, 10);
update GROUPED_COMPOUND_FEATURE_TYPE set GROUP_ORDER = 12 where COMPOUND_FEATURE_TYPE_ID = 615;
update GROUPED_COMPOUND_FEATURE_TYPE set GROUP_ORDER = 8 where COMPOUND_FEATURE_TYPE_ID = 631;
update GROUPED_COMPOUND_FEATURE_TYPE set GROUP_ORDER = 6 where COMPOUND_FEATURE_TYPE_ID = 614;
update GROUPED_COMPOUND_FEATURE_TYPE set GROUP_ORDER = 3 where COMPOUND_FEATURE_TYPE_ID = 612;
update GROUPED_COMPOUND_FEATURE_TYPE set GROUP_ORDER = 1 where COMPOUND_FEATURE_TYPE_ID = 618;
update GROUPED_COMPOUND_FEATURE_TYPE set GROUP_ORDER = 10 where COMPOUND_FEATURE_TYPE_ID = 658;
update GROUPED_COMPOUND_FEATURE_TYPE set GROUP_ORDER = 13 where COMPOUND_FEATURE_TYPE_ID = 639;
update GROUPED_COMPOUND_FEATURE_TYPE set GROUP_ORDER = 7 where COMPOUND_FEATURE_TYPE_ID = 616;
update GROUPED_COMPOUND_FEATURE_TYPE set GROUP_ORDER = 14 where COMPOUND_FEATURE_TYPE_ID = 632;
update GROUPED_COMPOUND_FEATURE_TYPE set GROUP_ORDER = 9 where COMPOUND_FEATURE_TYPE_ID = 650;
update GROUPED_COMPOUND_FEATURE_TYPE set GROUP_ORDER = 4 where COMPOUND_FEATURE_TYPE_ID = 655;
update GROUPED_COMPOUND_FEATURE_TYPE set GROUP_ORDER = 2 where COMPOUND_FEATURE_TYPE_ID = 661;
update GROUPED_COMPOUND_FEATURE_TYPE set GROUP_ORDER = 5 where COMPOUND_FEATURE_TYPE_ID = 637;
update GROUPED_COMPOUND_FEATURE_TYPE set GROUP_ORDER = 11 where COMPOUND_FEATURE_TYPE_ID = 621;
insert into GROUPED_COMPOUND_FEATURE_TYPE(FEATURE_TYPE_GROUP_ID, COMPOUND_FEATURE_TYPE_ID, GROUP_ORDER) values (362, 621, 11);
update GROUPED_COMPOUND_FEATURE_TYPE set GROUP_ORDER = 12 where COMPOUND_FEATURE_TYPE_ID = 615;
update GROUPED_COMPOUND_FEATURE_TYPE set GROUP_ORDER = 8 where COMPOUND_FEATURE_TYPE_ID = 631;
update GROUPED_COMPOUND_FEATURE_TYPE set GROUP_ORDER = 6 where COMPOUND_FEATURE_TYPE_ID = 614;
update GROUPED_COMPOUND_FEATURE_TYPE set GROUP_ORDER = 3 where COMPOUND_FEATURE_TYPE_ID = 612;
update GROUPED_COMPOUND_FEATURE_TYPE set GROUP_ORDER = 1 where COMPOUND_FEATURE_TYPE_ID = 618;
update GROUPED_COMPOUND_FEATURE_TYPE set GROUP_ORDER = 10 where COMPOUND_FEATURE_TYPE_ID = 658;
update GROUPED_COMPOUND_FEATURE_TYPE set GROUP_ORDER = 13 where COMPOUND_FEATURE_TYPE_ID = 639;
update GROUPED_COMPOUND_FEATURE_TYPE set GROUP_ORDER = 7 where COMPOUND_FEATURE_TYPE_ID = 616;
update GROUPED_COMPOUND_FEATURE_TYPE set GROUP_ORDER = 14 where COMPOUND_FEATURE_TYPE_ID = 632;
update GROUPED_COMPOUND_FEATURE_TYPE set GROUP_ORDER = 9 where COMPOUND_FEATURE_TYPE_ID = 650;
update GROUPED_COMPOUND_FEATURE_TYPE set GROUP_ORDER = 4 where COMPOUND_FEATURE_TYPE_ID = 655;
update GROUPED_COMPOUND_FEATURE_TYPE set GROUP_ORDER = 2 where COMPOUND_FEATURE_TYPE_ID = 661;
update GROUPED_COMPOUND_FEATURE_TYPE set GROUP_ORDER = 5 where COMPOUND_FEATURE_TYPE_ID = 637;
update GROUPED_COMPOUND_FEATURE_TYPE set GROUP_ORDER = 11 where COMPOUND_FEATURE_TYPE_ID = 621;
insert into GROUPED_COMPOUND_FEATURE_TYPE(FEATURE_TYPE_GROUP_ID, COMPOUND_FEATURE_TYPE_ID, GROUP_ORDER) values (362, 615, 12);
update GROUPED_COMPOUND_FEATURE_TYPE set GROUP_ORDER = 12 where COMPOUND_FEATURE_TYPE_ID = 615;
update GROUPED_COMPOUND_FEATURE_TYPE set GROUP_ORDER = 8 where COMPOUND_FEATURE_TYPE_ID = 631;
update GROUPED_COMPOUND_FEATURE_TYPE set GROUP_ORDER = 6 where COMPOUND_FEATURE_TYPE_ID = 614;
update GROUPED_COMPOUND_FEATURE_TYPE set GROUP_ORDER = 3 where COMPOUND_FEATURE_TYPE_ID = 612;
update GROUPED_COMPOUND_FEATURE_TYPE set GROUP_ORDER = 1 where COMPOUND_FEATURE_TYPE_ID = 618;
update GROUPED_COMPOUND_FEATURE_TYPE set GROUP_ORDER = 10 where COMPOUND_FEATURE_TYPE_ID = 658;
update GROUPED_COMPOUND_FEATURE_TYPE set GROUP_ORDER = 13 where COMPOUND_FEATURE_TYPE_ID = 639;
update GROUPED_COMPOUND_FEATURE_TYPE set GROUP_ORDER = 7 where COMPOUND_FEATURE_TYPE_ID = 616;
update GROUPED_COMPOUND_FEATURE_TYPE set GROUP_ORDER = 14 where COMPOUND_FEATURE_TYPE_ID = 632;
update GROUPED_COMPOUND_FEATURE_TYPE set GROUP_ORDER = 9 where COMPOUND_FEATURE_TYPE_ID = 650;
update GROUPED_COMPOUND_FEATURE_TYPE set GROUP_ORDER = 4 where COMPOUND_FEATURE_TYPE_ID = 655;
update GROUPED_COMPOUND_FEATURE_TYPE set GROUP_ORDER = 2 where COMPOUND_FEATURE_TYPE_ID = 661;
update GROUPED_COMPOUND_FEATURE_TYPE set GROUP_ORDER = 5 where COMPOUND_FEATURE_TYPE_ID = 637;
update GROUPED_COMPOUND_FEATURE_TYPE set GROUP_ORDER = 11 where COMPOUND_FEATURE_TYPE_ID = 621;
insert into GROUPED_COMPOUND_FEATURE_TYPE(FEATURE_TYPE_GROUP_ID, COMPOUND_FEATURE_TYPE_ID, GROUP_ORDER) values (362, 639, 13);
update GROUPED_COMPOUND_FEATURE_TYPE set GROUP_ORDER = 12 where COMPOUND_FEATURE_TYPE_ID = 615;
update GROUPED_COMPOUND_FEATURE_TYPE set GROUP_ORDER = 8 where COMPOUND_FEATURE_TYPE_ID = 631;
update GROUPED_COMPOUND_FEATURE_TYPE set GROUP_ORDER = 6 where COMPOUND_FEATURE_TYPE_ID = 614;
update GROUPED_COMPOUND_FEATURE_TYPE set GROUP_ORDER = 3 where COMPOUND_FEATURE_TYPE_ID = 612;
update GROUPED_COMPOUND_FEATURE_TYPE set GROUP_ORDER = 1 where COMPOUND_FEATURE_TYPE_ID = 618;
update GROUPED_COMPOUND_FEATURE_TYPE set GROUP_ORDER = 10 where COMPOUND_FEATURE_TYPE_ID = 658;
update GROUPED_COMPOUND_FEATURE_TYPE set GROUP_ORDER = 13 where COMPOUND_FEATURE_TYPE_ID = 639;
update GROUPED_COMPOUND_FEATURE_TYPE set GROUP_ORDER = 7 where COMPOUND_FEATURE_TYPE_ID = 616;
update GROUPED_COMPOUND_FEATURE_TYPE set GROUP_ORDER = 14 where COMPOUND_FEATURE_TYPE_ID = 632;
update GROUPED_COMPOUND_FEATURE_TYPE set GROUP_ORDER = 9 where COMPOUND_FEATURE_TYPE_ID = 650;
update GROUPED_COMPOUND_FEATURE_TYPE set GROUP_ORDER = 4 where COMPOUND_FEATURE_TYPE_ID = 655;
update GROUPED_COMPOUND_FEATURE_TYPE set GROUP_ORDER = 2 where COMPOUND_FEATURE_TYPE_ID = 661;
update GROUPED_COMPOUND_FEATURE_TYPE set GROUP_ORDER = 5 where COMPOUND_FEATURE_TYPE_ID = 637;
update GROUPED_COMPOUND_FEATURE_TYPE set GROUP_ORDER = 11 where COMPOUND_FEATURE_TYPE_ID = 621;
insert into GROUPED_COMPOUND_FEATURE_TYPE(FEATURE_TYPE_GROUP_ID, COMPOUND_FEATURE_TYPE_ID, GROUP_ORDER) values (362, 632, 14);
update GROUPED_COMPOUND_FEATURE_TYPE set GROUP_ORDER = 12 where COMPOUND_FEATURE_TYPE_ID = 615;
update GROUPED_COMPOUND_FEATURE_TYPE set GROUP_ORDER = 8 where COMPOUND_FEATURE_TYPE_ID = 631;
update GROUPED_COMPOUND_FEATURE_TYPE set GROUP_ORDER = 6 where COMPOUND_FEATURE_TYPE_ID = 614;
update GROUPED_COMPOUND_FEATURE_TYPE set GROUP_ORDER = 3 where COMPOUND_FEATURE_TYPE_ID = 612;
update GROUPED_COMPOUND_FEATURE_TYPE set GROUP_ORDER = 1 where COMPOUND_FEATURE_TYPE_ID = 618;
update GROUPED_COMPOUND_FEATURE_TYPE set GROUP_ORDER = 10 where COMPOUND_FEATURE_TYPE_ID = 658;
update GROUPED_COMPOUND_FEATURE_TYPE set GROUP_ORDER = 13 where COMPOUND_FEATURE_TYPE_ID = 639;
update GROUPED_COMPOUND_FEATURE_TYPE set GROUP_ORDER = 7 where COMPOUND_FEATURE_TYPE_ID = 616;
update GROUPED_COMPOUND_FEATURE_TYPE set GROUP_ORDER = 14 where COMPOUND_FEATURE_TYPE_ID = 632;
update GROUPED_COMPOUND_FEATURE_TYPE set GROUP_ORDER = 9 where COMPOUND_FEATURE_TYPE_ID = 650;
update GROUPED_COMPOUND_FEATURE_TYPE set GROUP_ORDER = 4 where COMPOUND_FEATURE_TYPE_ID = 655;
update GROUPED_COMPOUND_FEATURE_TYPE set GROUP_ORDER = 2 where COMPOUND_FEATURE_TYPE_ID = 661;
update GROUPED_COMPOUND_FEATURE_TYPE set GROUP_ORDER = 5 where COMPOUND_FEATURE_TYPE_ID = 637;
update GROUPED_COMPOUND_FEATURE_TYPE set GROUP_ORDER = 11 where COMPOUND_FEATURE_TYPE_ID = 621;
insert into TOC_FEATURE_TYPE_GROUP(TOC_ID, FEATURE_TYPE_GROUP_ID, TOC_ORDER) values (18490, 362, 2);
update TOC_FEATURE_TYPE_GROUP set TOC_ORDER = 2 where FEATURE_TYPE_GROUP_ID = 362;
update TOC_FEATURE_TYPE_GROUP set TOC_ORDER = 1 where FEATURE_TYPE_GROUP_ID = 18966;
update TOC_FEATURE_TYPE_GROUP set TOC_ORDER = 2 where FEATURE_TYPE_GROUP_ID = 362;
update TOC_FEATURE_TYPE_GROUP set TOC_ORDER = 1 where FEATURE_TYPE_GROUP_ID = 18966;
insert into FEATURE_TYPE_GROUP(FEATURE_TYPE_GROUP_ID, NAME, TITLE, MULTI_SELECT, FOR_THEMATIC_RENDERING) values (18966, 'DTM', 'Additional Map Features', 'Y', 'N');
insert into GROUPED_COMPOUND_FEATURE_TYPE(FEATURE_TYPE_GROUP_ID, COMPOUND_FEATURE_TYPE_ID, GROUP_ORDER) values (18966, 9141, 1);
update GROUPED_COMPOUND_FEATURE_TYPE set GROUP_ORDER = 7 where COMPOUND_FEATURE_TYPE_ID = 3627;
update GROUPED_COMPOUND_FEATURE_TYPE set GROUP_ORDER = 1 where COMPOUND_FEATURE_TYPE_ID = 9141;
update GROUPED_COMPOUND_FEATURE_TYPE set GROUP_ORDER = 5 where COMPOUND_FEATURE_TYPE_ID = 9142;
update GROUPED_COMPOUND_FEATURE_TYPE set GROUP_ORDER = 4 where COMPOUND_FEATURE_TYPE_ID = 4461;
update GROUPED_COMPOUND_FEATURE_TYPE set GROUP_ORDER = 3 where COMPOUND_FEATURE_TYPE_ID = 15487;
update GROUPED_COMPOUND_FEATURE_TYPE set GROUP_ORDER = 2 where COMPOUND_FEATURE_TYPE_ID = 15647;
update GROUPED_COMPOUND_FEATURE_TYPE set GROUP_ORDER = 6 where COMPOUND_FEATURE_TYPE_ID = 3667;
insert into COMPOUND_FEATURE_TYPE(COMPOUND_FEATURE_TYPE_ID, NAME, TITLE, CAN_FIND_NEAREST) values (15647, 'CONDO_RANGE', 'Condo Units Range Label', 'N');
insert into FEATURE_TYPE(FEATURE_TYPE_ID, NAME, TITLE, NS, NS_URL, WEB_FEATURE_SERVICE_ID, NATIVE_NAME) values (28970, 'CONDO_RANGE', 'Condo Units Range Label', 'gwc', 'http://gis.nyc.gov/gwc', 4, 'CONDO_RANGE');
insert into FEATURE_TYPE_ATTRIBUTE(FEATURE_TYPE_ATTRIBUTE_ID, NAME, TYPE, IDENTIFIER, IS_TITLE, FEATURE_TYPE_ID, IS_DB_ATTRIBUTE, TITLE) values (70360, 'DISTANCE', 'java.lang.Double', 'N', 'N', 28970, 'N', 'DISTANCE');
insert into FEATURE_TYPE_ATTRIBUTE(FEATURE_TYPE_ATTRIBUTE_ID, NAME, TYPE, IDENTIFIER, IS_TITLE, FEATURE_TYPE_ID, IS_DB_ATTRIBUTE, TITLE) values (70361, 'INDEX', 'java.lang.Integer', 'N', 'N', 28970, 'N', 'INDEX');
insert into FEATURE_TYPE_ATTRIBUTE(FEATURE_TYPE_ATTRIBUTE_ID, NAME, TYPE, IDENTIFIER, IS_TITLE, FEATURE_TYPE_ID, IS_DB_ATTRIBUTE, TITLE) values (70362, 'MAX', 'java.lang.String', 'N', 'N', 28970, 'Y', 'MAX');
insert into FEATURE_TYPE_ATTRIBUTE(FEATURE_TYPE_ATTRIBUTE_ID, NAME, TYPE, IDENTIFIER, IS_TITLE, FEATURE_TYPE_ID, IS_DB_ATTRIBUTE, TITLE) values (70363, 'MIN', 'java.lang.String', 'N', 'N', 28970, 'Y', 'MIN');
insert into FEATURE_TYPE_ATTRIBUTE(FEATURE_TYPE_ATTRIBUTE_ID, NAME, TYPE, IDENTIFIER, IS_TITLE, FEATURE_TYPE_ID, IS_DB_ATTRIBUTE, TITLE) values (70364, 'RANGE_LABEL', 'java.lang.String', 'Y', 'Y', 28970, 'Y', 'RANGE_LABEL');
insert into FEATURE_TYPE_ATTRIBUTE(FEATURE_TYPE_ATTRIBUTE_ID, NAME, TYPE, IDENTIFIER, IS_TITLE, FEATURE_TYPE_ID, IS_DB_ATTRIBUTE, TITLE) values (70365, 'SHAPE', 'com.vividsolutions.jts.geom.Point', 'N', 'N', 28970, 'Y', 'SHAPE');
insert into FTYPE_COMPOUND_FTYPE(COMPOUND_FEATURE_TYPE_ID, FEATURE_TYPE_ID) values (15647, 28970);
insert into SPATIAL_FEATURE_TYPE(FEATURE_TYPE_ID, MARKUP_ORDER, MIN_ZOOM, MAX_ZOOM, USER_META_DATA_ID) values (28970, 248, 10, 13, null);
insert into LEGEND_ITEM(LEGEND_ITEM_ID, NAME, TITLE, IMAGE) values (741, 'CONDO_RANGE.condo_range0', 'Condo Range Label', '/doitt/webmap/js/dojo/resources/blank.gif');
insert into FEATURE_TYPE_LEGEND_ITEM(FEATURE_TYPE_ID, LEGEND_ITEM_ID) values (28970, 741);
insert into GROUPED_COMPOUND_FEATURE_TYPE(FEATURE_TYPE_GROUP_ID, COMPOUND_FEATURE_TYPE_ID, GROUP_ORDER) values (18966, 15647, 2);
update GROUPED_COMPOUND_FEATURE_TYPE set GROUP_ORDER = 7 where COMPOUND_FEATURE_TYPE_ID = 3627;
update GROUPED_COMPOUND_FEATURE_TYPE set GROUP_ORDER = 1 where COMPOUND_FEATURE_TYPE_ID = 9141;
update GROUPED_COMPOUND_FEATURE_TYPE set GROUP_ORDER = 5 where COMPOUND_FEATURE_TYPE_ID = 9142;
update GROUPED_COMPOUND_FEATURE_TYPE set GROUP_ORDER = 4 where COMPOUND_FEATURE_TYPE_ID = 4461;
update GROUPED_COMPOUND_FEATURE_TYPE set GROUP_ORDER = 3 where COMPOUND_FEATURE_TYPE_ID = 15487;
update GROUPED_COMPOUND_FEATURE_TYPE set GROUP_ORDER = 2 where COMPOUND_FEATURE_TYPE_ID = 15647;
update GROUPED_COMPOUND_FEATURE_TYPE set GROUP_ORDER = 6 where COMPOUND_FEATURE_TYPE_ID = 3667;
update GROUPED_COMPOUND_FEATURE_TYPE set GROUP_ORDER = 7 where COMPOUND_FEATURE_TYPE_ID = 3627;
update GROUPED_COMPOUND_FEATURE_TYPE set GROUP_ORDER = 1 where COMPOUND_FEATURE_TYPE_ID = 9141;
update GROUPED_COMPOUND_FEATURE_TYPE set GROUP_ORDER = 5 where COMPOUND_FEATURE_TYPE_ID = 9142;
update GROUPED_COMPOUND_FEATURE_TYPE set GROUP_ORDER = 4 where COMPOUND_FEATURE_TYPE_ID = 4461;
update GROUPED_COMPOUND_FEATURE_TYPE set GROUP_ORDER = 3 where COMPOUND_FEATURE_TYPE_ID = 15487;
update GROUPED_COMPOUND_FEATURE_TYPE set GROUP_ORDER = 2 where COMPOUND_FEATURE_TYPE_ID = 15647;
update GROUPED_COMPOUND_FEATURE_TYPE set GROUP_ORDER = 6 where COMPOUND_FEATURE_TYPE_ID = 3667;
insert into COMPOUND_FEATURE_TYPE(COMPOUND_FEATURE_TYPE_ID, NAME, TITLE, CAN_FIND_NEAREST) values (15487, 'LOT_FACE_SMALL', 'Small Tax Lot Face Dimension', 'N');
insert into FEATURE_TYPE(FEATURE_TYPE_ID, NAME, TITLE, NS, NS_URL, WEB_FEATURE_SERVICE_ID, NATIVE_NAME) values (28690, 'LOT_FACE_SMALL', 'Small Tax Lot Face Dimension', 'gwc', 'http://gis.nyc.gov/gwc', 4, 'LOT_FACE_SMALL');
insert into FEATURE_TYPE_ATTRIBUTE(FEATURE_TYPE_ATTRIBUTE_ID, NAME, TYPE, IDENTIFIER, IS_TITLE, FEATURE_TYPE_ID, IS_DB_ATTRIBUTE, TITLE) values (69942, 'BBL', 'java.lang.String', 'Y', 'N', 28690, 'Y', 'BBL');
insert into FEATURE_TYPE_ATTRIBUTE(FEATURE_TYPE_ATTRIBUTE_ID, NAME, TYPE, IDENTIFIER, IS_TITLE, FEATURE_TYPE_ID, IS_DB_ATTRIBUTE, TITLE) values (69945, 'DISTANCE', 'java.lang.Double', 'N', 'N', 28690, 'N', 'DISTANCE');
insert into FEATURE_TYPE_ATTRIBUTE(FEATURE_TYPE_ATTRIBUTE_ID, NAME, TYPE, IDENTIFIER, IS_TITLE, FEATURE_TYPE_ID, IS_DB_ATTRIBUTE, TITLE) values (69946, 'INDEX', 'java.lang.Integer', 'N', 'N', 28690, 'N', 'INDEX');
insert into FEATURE_TYPE_ATTRIBUTE(FEATURE_TYPE_ATTRIBUTE_ID, NAME, TYPE, IDENTIFIER, IS_TITLE, FEATURE_TYPE_ID, IS_DB_ATTRIBUTE, TITLE) values (69943, 'LENGTH', 'java.lang.Double', 'N', 'N', 28690, 'Y', 'LENGTH');
insert into FEATURE_TYPE_ATTRIBUTE(FEATURE_TYPE_ATTRIBUTE_ID, NAME, TYPE, IDENTIFIER, IS_TITLE, FEATURE_TYPE_ID, IS_DB_ATTRIBUTE, TITLE) values (69944, 'LENGTH_LABEL', 'java.lang.String', 'N', 'N', 28690, 'Y', 'Length');
insert into FT_DATA_STORE_RENDERER(FT_DATA_STORE_RENDERER_ID, FEATURE_TYPE_ID, TABULAR, NAME, TITLE, CSS_CLASS, CREDIT) values (10049, 28690, 'N', 'TAX_LOT_SMALLIdentifyRenderer', 'Small Tax Lot Boundary', null, null);
insert into FT_DATA_STORE_REND_FIELD(FT_DATA_STORE_REND_FIELD_ID, FEATURE_TYPE_ATTRIBUTE_ID, FT_DATA_STORE_RENDERER_ID, LINK_ID, DISPLAY_TITLE, LINK_ONLY, RENDER_ORDER, TITLE_PREFIX, TITLE_POSTFIX, VALUE_PREFIX, VALUE_POSTFIX) values (1722, 69944, 10049, null, 'Y', 'N', 4, null, ':', null, null);
insert into FEATURE_TYPE_ATTRIBUTE(FEATURE_TYPE_ATTRIBUTE_ID, NAME, TYPE, IDENTIFIER, IS_TITLE, FEATURE_TYPE_ID, IS_DB_ATTRIBUTE, TITLE) values (239, 'TITLE', 'java.lang.String', 'N', 'Y', 28690, 'Y', 'TITLE');
insert into FT_DATA_STORE_REND_FIELD(FT_DATA_STORE_REND_FIELD_ID, FEATURE_TYPE_ATTRIBUTE_ID, FT_DATA_STORE_RENDERER_ID, LINK_ID, DISPLAY_TITLE, LINK_ONLY, RENDER_ORDER, TITLE_PREFIX, TITLE_POSTFIX, VALUE_PREFIX, VALUE_POSTFIX) values (16324, 239, 10049, null, 'N', 'N', 1, null, null, null, '<br/>');
insert into LABEL_ATTRIBUTE(LABEL_ATTRIBUTE_ID, FEATURE_TYPE_ATTRIBUTE_ID, TITLE, DISPLAY_ORDER) values (27620, 69944, 'Length', 3);
insert into APPLICATION_LABEL_ATTRIBUTE(APPLICATION_ID, LABEL_ATTRIBUTE_ID) values (8756, 27620);
insert into FEATURE_TYPE_ATTRIBUTE(FEATURE_TYPE_ATTRIBUTE_ID, NAME, TYPE, IDENTIFIER, IS_TITLE, FEATURE_TYPE_ID, IS_DB_ATTRIBUTE, TITLE) values (69948, 'SHAPE', 'com.vividsolutions.jts.geom.Point', 'N', 'N', 28690, 'Y', 'SHAPE');
insert into FTYPE_COMPOUND_FTYPE(COMPOUND_FEATURE_TYPE_ID, FEATURE_TYPE_ID) values (15487, 28690);
insert into SPATIAL_FEATURE_TYPE(FEATURE_TYPE_ID, MARKUP_ORDER, MIN_ZOOM, MAX_ZOOM, USER_META_DATA_ID) values (28690, 246, 11, 13, null);
insert into LEGEND_ITEM(LEGEND_ITEM_ID, NAME, TITLE, IMAGE) values (701, 'lot_face_small0', 'Small Tax Lot Boundary', '/doitt/webmap-conf/styles/mapIcons/lot_face_small0.png');
insert into FEATURE_TYPE_LEGEND_ITEM(FEATURE_TYPE_ID, LEGEND_ITEM_ID) values (28690, 701);
insert into GROUPED_COMPOUND_FEATURE_TYPE(FEATURE_TYPE_GROUP_ID, COMPOUND_FEATURE_TYPE_ID, GROUP_ORDER) values (18966, 15487, 3);
update GROUPED_COMPOUND_FEATURE_TYPE set GROUP_ORDER = 7 where COMPOUND_FEATURE_TYPE_ID = 3627;
update GROUPED_COMPOUND_FEATURE_TYPE set GROUP_ORDER = 1 where COMPOUND_FEATURE_TYPE_ID = 9141;
update GROUPED_COMPOUND_FEATURE_TYPE set GROUP_ORDER = 5 where COMPOUND_FEATURE_TYPE_ID = 9142;
update GROUPED_COMPOUND_FEATURE_TYPE set GROUP_ORDER = 4 where COMPOUND_FEATURE_TYPE_ID = 4461;
update GROUPED_COMPOUND_FEATURE_TYPE set GROUP_ORDER = 3 where COMPOUND_FEATURE_TYPE_ID = 15487;
update GROUPED_COMPOUND_FEATURE_TYPE set GROUP_ORDER = 2 where COMPOUND_FEATURE_TYPE_ID = 15647;
update GROUPED_COMPOUND_FEATURE_TYPE set GROUP_ORDER = 6 where COMPOUND_FEATURE_TYPE_ID = 3667;
update GROUPED_COMPOUND_FEATURE_TYPE set GROUP_ORDER = 7 where COMPOUND_FEATURE_TYPE_ID = 3627;
update GROUPED_COMPOUND_FEATURE_TYPE set GROUP_ORDER = 1 where COMPOUND_FEATURE_TYPE_ID = 9141;
update GROUPED_COMPOUND_FEATURE_TYPE set GROUP_ORDER = 5 where COMPOUND_FEATURE_TYPE_ID = 9142;
update GROUPED_COMPOUND_FEATURE_TYPE set GROUP_ORDER = 4 where COMPOUND_FEATURE_TYPE_ID = 4461;
update GROUPED_COMPOUND_FEATURE_TYPE set GROUP_ORDER = 3 where COMPOUND_FEATURE_TYPE_ID = 15487;
update GROUPED_COMPOUND_FEATURE_TYPE set GROUP_ORDER = 2 where COMPOUND_FEATURE_TYPE_ID = 15647;
update GROUPED_COMPOUND_FEATURE_TYPE set GROUP_ORDER = 6 where COMPOUND_FEATURE_TYPE_ID = 3667;
insert into COMPOUND_FEATURE_TYPE(COMPOUND_FEATURE_TYPE_ID, NAME, TITLE, CAN_FIND_NEAREST) values (4461, 'HYDRO', 'Surface Water', 'N');
insert into GROUPED_COMPOUND_FEATURE_TYPE(FEATURE_TYPE_GROUP_ID, COMPOUND_FEATURE_TYPE_ID, GROUP_ORDER) values (18966, 4461, 4);
update GROUPED_COMPOUND_FEATURE_TYPE set GROUP_ORDER = 7 where COMPOUND_FEATURE_TYPE_ID = 3627;
update GROUPED_COMPOUND_FEATURE_TYPE set GROUP_ORDER = 1 where COMPOUND_FEATURE_TYPE_ID = 9141;
update GROUPED_COMPOUND_FEATURE_TYPE set GROUP_ORDER = 5 where COMPOUND_FEATURE_TYPE_ID = 9142;
update GROUPED_COMPOUND_FEATURE_TYPE set GROUP_ORDER = 4 where COMPOUND_FEATURE_TYPE_ID = 4461;
update GROUPED_COMPOUND_FEATURE_TYPE set GROUP_ORDER = 3 where COMPOUND_FEATURE_TYPE_ID = 15487;
update GROUPED_COMPOUND_FEATURE_TYPE set GROUP_ORDER = 2 where COMPOUND_FEATURE_TYPE_ID = 15647;
update GROUPED_COMPOUND_FEATURE_TYPE set GROUP_ORDER = 6 where COMPOUND_FEATURE_TYPE_ID = 3667;
insert into IMG_FEATURE_TYPE(IMG_FEATURE_TYPE_ID, NAME, TITLE, LAYERS, POSITION, MIN_ZOOM, MAX_ZOOM, WEB_MAPPING_SERVICE_ID, USER_META_DATA_ID) values (41, 'hydro', 'Surface Water', 'hydro', 'TOP', 0, 13, 1, null);
insert into IFTYPE_COMPOUND_FTYPE(COMPOUND_FEATURE_TYPE_ID, IMAGE_FEATURE_TYPE_ID) values (4461, 41);
insert into LEGEND_ITEM(LEGEND_ITEM_ID, NAME, TITLE, IMAGE) values (1662, 'hydro', 'Surface Water', '/doitt/webmap-conf/styles/mapIcons/hydro0.png');
insert into SCALED_LEGEND_ITEM(LEGEND_ITEM_ID, MIN_ZOOM, MAX_ZOOM) values (1662, 0, 13);
insert into IMG_FEATURE_TYPE_LEGEND_ITEM(IMG_FEATURE_TYPE_ID, LEGEND_ITEM_ID) values (41, 1662);
update GROUPED_COMPOUND_FEATURE_TYPE set GROUP_ORDER = 7 where COMPOUND_FEATURE_TYPE_ID = 3627;
update GROUPED_COMPOUND_FEATURE_TYPE set GROUP_ORDER = 1 where COMPOUND_FEATURE_TYPE_ID = 9141;
update GROUPED_COMPOUND_FEATURE_TYPE set GROUP_ORDER = 5 where COMPOUND_FEATURE_TYPE_ID = 9142;
update GROUPED_COMPOUND_FEATURE_TYPE set GROUP_ORDER = 4 where COMPOUND_FEATURE_TYPE_ID = 4461;
update GROUPED_COMPOUND_FEATURE_TYPE set GROUP_ORDER = 3 where COMPOUND_FEATURE_TYPE_ID = 15487;
update GROUPED_COMPOUND_FEATURE_TYPE set GROUP_ORDER = 2 where COMPOUND_FEATURE_TYPE_ID = 15647;
update GROUPED_COMPOUND_FEATURE_TYPE set GROUP_ORDER = 6 where COMPOUND_FEATURE_TYPE_ID = 3667;
insert into GROUPED_COMPOUND_FEATURE_TYPE(FEATURE_TYPE_GROUP_ID, COMPOUND_FEATURE_TYPE_ID, GROUP_ORDER) values (18966, 9142, 5);
update GROUPED_COMPOUND_FEATURE_TYPE set GROUP_ORDER = 7 where COMPOUND_FEATURE_TYPE_ID = 3627;
update GROUPED_COMPOUND_FEATURE_TYPE set GROUP_ORDER = 1 where COMPOUND_FEATURE_TYPE_ID = 9141;
update GROUPED_COMPOUND_FEATURE_TYPE set GROUP_ORDER = 5 where COMPOUND_FEATURE_TYPE_ID = 9142;
update GROUPED_COMPOUND_FEATURE_TYPE set GROUP_ORDER = 4 where COMPOUND_FEATURE_TYPE_ID = 4461;
update GROUPED_COMPOUND_FEATURE_TYPE set GROUP_ORDER = 3 where COMPOUND_FEATURE_TYPE_ID = 15487;
update GROUPED_COMPOUND_FEATURE_TYPE set GROUP_ORDER = 2 where COMPOUND_FEATURE_TYPE_ID = 15647;
update GROUPED_COMPOUND_FEATURE_TYPE set GROUP_ORDER = 6 where COMPOUND_FEATURE_TYPE_ID = 3667;
insert into COMPOUND_FEATURE_TYPE(COMPOUND_FEATURE_TYPE_ID, NAME, TITLE, CAN_FIND_NEAREST) values (3667, 'EVERY_BBL', 'Tax Lot', 'N');
insert into FEATURE_TYPE(FEATURE_TYPE_ID, NAME, TITLE, NS, NS_URL, WEB_FEATURE_SERVICE_ID, NATIVE_NAME) values (4291, 'EVERY_BBL', 'Tax Lot', 'gwc', 'http://gis.nyc.gov/gwc', 4, 'EVERY_BBL');
insert into FEATURE_TYPE_ATTRIBUTE(FEATURE_TYPE_ATTRIBUTE_ID, NAME, TYPE, IDENTIFIER, IS_TITLE, FEATURE_TYPE_ID, IS_DB_ATTRIBUTE, TITLE) values (8700, 'BBL', 'java.lang.String', 'Y', 'N', 4291, 'Y', 'BBL');
insert into FEATURE_TYPE_ATTRIBUTE(FEATURE_TYPE_ATTRIBUTE_ID, NAME, TYPE, IDENTIFIER, IS_TITLE, FEATURE_TYPE_ID, IS_DB_ATTRIBUTE, TITLE) values (8701, 'BLOCK', 'java.lang.Integer', 'N', 'N', 4291, 'Y', 'BLOCK');
insert into FT_DATA_STORE_RENDERER(FT_DATA_STORE_RENDERER_ID, FEATURE_TYPE_ID, TABULAR, NAME, TITLE, CSS_CLASS, CREDIT) values (10151, 4291, 'Y', 'EVERY_BBLIdentifyRenderer', 'Tax Lot', null, null);
insert into FEATURE_TYPE_ATTRIBUTE(FEATURE_TYPE_ATTRIBUTE_ID, NAME, TYPE, IDENTIFIER, IS_TITLE, FEATURE_TYPE_ID, IS_DB_ATTRIBUTE, TITLE) values (8707, 'MAP_BBL', 'java.lang.String', 'N', 'N', 4291, 'Y', 'MAP_BBL');
insert into FT_DATA_STORE_REND_FIELD(FT_DATA_STORE_REND_FIELD_ID, FEATURE_TYPE_ATTRIBUTE_ID, FT_DATA_STORE_RENDERER_ID, LINK_ID, DISPLAY_TITLE, LINK_ONLY, RENDER_ORDER, TITLE_PREFIX, TITLE_POSTFIX, VALUE_PREFIX, VALUE_POSTFIX) values (16184, 8707, 10151, null, 'Y', 'Y', 5, null, null, null, null);
insert into LABEL_ATTRIBUTE(LABEL_ATTRIBUTE_ID, FEATURE_TYPE_ATTRIBUTE_ID, TITLE, DISPLAY_ORDER) values (1282, 8707, 'WTF', 0);
insert into LABEL_ATTRIBUTE(LABEL_ATTRIBUTE_ID, FEATURE_TYPE_ATTRIBUTE_ID, TITLE, DISPLAY_ORDER) values (662, 8707, 'MAP_BBL', 0);
insert into APPLICATION_LABEL_ATTRIBUTE(APPLICATION_ID, LABEL_ATTRIBUTE_ID) values (8756, 662);
insert into FEATURE_TYPE_ATTRIBUTE(FEATURE_TYPE_ATTRIBUTE_ID, NAME, TYPE, IDENTIFIER, IS_TITLE, FEATURE_TYPE_ID, IS_DB_ATTRIBUTE, TITLE) values (8702, 'BORO', 'java.lang.String', 'N', 'N', 4291, 'Y', 'BORO');
insert into FT_DATA_STORE_REND_FIELD(FT_DATA_STORE_REND_FIELD_ID, FEATURE_TYPE_ATTRIBUTE_ID, FT_DATA_STORE_RENDERER_ID, LINK_ID, DISPLAY_TITLE, LINK_ONLY, RENDER_ORDER, TITLE_PREFIX, TITLE_POSTFIX, VALUE_PREFIX, VALUE_POSTFIX) values (15444, 8702, 10151, null, 'Y', 'N', 1, null, null, null, null);
insert into FT_DATA_STORE_REND_FIELD(FT_DATA_STORE_REND_FIELD_ID, FEATURE_TYPE_ATTRIBUTE_ID, FT_DATA_STORE_RENDERER_ID, LINK_ID, DISPLAY_TITLE, LINK_ONLY, RENDER_ORDER, TITLE_PREFIX, TITLE_POSTFIX, VALUE_PREFIX, VALUE_POSTFIX) values (15445, 8701, 10151, null, 'Y', 'N', 2, null, null, null, null);
insert into FEATURE_TYPE_ATTRIBUTE(FEATURE_TYPE_ATTRIBUTE_ID, NAME, TYPE, IDENTIFIER, IS_TITLE, FEATURE_TYPE_ID, IS_DB_ATTRIBUTE, TITLE) values (8706, 'LOT', 'java.lang.Double', 'N', 'N', 4291, 'Y', 'LOT');
insert into FT_DATA_STORE_REND_FIELD(FT_DATA_STORE_REND_FIELD_ID, FEATURE_TYPE_ATTRIBUTE_ID, FT_DATA_STORE_RENDERER_ID, LINK_ID, DISPLAY_TITLE, LINK_ONLY, RENDER_ORDER, TITLE_PREFIX, TITLE_POSTFIX, VALUE_PREFIX, VALUE_POSTFIX) values (15446, 8706, 10151, null, 'Y', 'N', 3, null, null, null, null);
insert into FEATURE_TYPE_ATTRIBUTE(FEATURE_TYPE_ATTRIBUTE_ID, NAME, TYPE, IDENTIFIER, IS_TITLE, FEATURE_TYPE_ID, IS_DB_ATTRIBUTE, TITLE) values (8704, 'EFFECTIVE_TAX_YEAR', 'java.lang.String', 'N', 'N', 4291, 'Y', 'Effective Tax Year');
insert into FT_DATA_STORE_REND_FIELD(FT_DATA_STORE_REND_FIELD_ID, FEATURE_TYPE_ATTRIBUTE_ID, FT_DATA_STORE_RENDERER_ID, LINK_ID, DISPLAY_TITLE, LINK_ONLY, RENDER_ORDER, TITLE_PREFIX, TITLE_POSTFIX, VALUE_PREFIX, VALUE_POSTFIX) values (15447, 8704, 10151, null, 'Y', 'N', 4, null, null, null, null);
insert into FEATURE_TYPE_ATTRIBUTE(FEATURE_TYPE_ATTRIBUTE_ID, NAME, TYPE, IDENTIFIER, IS_TITLE, FEATURE_TYPE_ID, IS_DB_ATTRIBUTE, TITLE) values (8703, 'DISTANCE', 'java.lang.Double', 'N', 'N', 4291, 'N', 'DISTANCE');
insert into FEATURE_TYPE_ATTRIBUTE(FEATURE_TYPE_ATTRIBUTE_ID, NAME, TYPE, IDENTIFIER, IS_TITLE, FEATURE_TYPE_ID, IS_DB_ATTRIBUTE, TITLE) values (8705, 'INDEX', 'java.lang.Integer', 'N', 'N', 4291, 'N', 'INDEX');
insert into FEATURE_TYPE_ATTRIBUTE(FEATURE_TYPE_ATTRIBUTE_ID, NAME, TYPE, IDENTIFIER, IS_TITLE, FEATURE_TYPE_ID, IS_DB_ATTRIBUTE, TITLE) values (8708, 'SHAPE', 'com.vividsolutions.jts.geom.MultiPolygon', 'N', 'N', 4291, 'Y', 'SHAPE');
insert into FEATURE_TYPE_ATTRIBUTE(FEATURE_TYPE_ATTRIBUTE_ID, NAME, TYPE, IDENTIFIER, IS_TITLE, FEATURE_TYPE_ID, IS_DB_ATTRIBUTE, TITLE) values (240, 'TITLE', 'java.lang.String', 'N', 'Y', 4291, 'Y', 'TITLE');
insert into FTYPE_COMPOUND_FTYPE(COMPOUND_FEATURE_TYPE_ID, FEATURE_TYPE_ID) values (3667, 4291);
insert into SPATIAL_FEATURE_TYPE(FEATURE_TYPE_ID, MARKUP_ORDER, MIN_ZOOM, MAX_ZOOM, USER_META_DATA_ID) values (4291, 97, 0, 0, null);
insert into GROUPED_COMPOUND_FEATURE_TYPE(FEATURE_TYPE_GROUP_ID, COMPOUND_FEATURE_TYPE_ID, GROUP_ORDER) values (18966, 3667, 6);
update GROUPED_COMPOUND_FEATURE_TYPE set GROUP_ORDER = 7 where COMPOUND_FEATURE_TYPE_ID = 3627;
update GROUPED_COMPOUND_FEATURE_TYPE set GROUP_ORDER = 1 where COMPOUND_FEATURE_TYPE_ID = 9141;
update GROUPED_COMPOUND_FEATURE_TYPE set GROUP_ORDER = 5 where COMPOUND_FEATURE_TYPE_ID = 9142;
update GROUPED_COMPOUND_FEATURE_TYPE set GROUP_ORDER = 4 where COMPOUND_FEATURE_TYPE_ID = 4461;
update GROUPED_COMPOUND_FEATURE_TYPE set GROUP_ORDER = 3 where COMPOUND_FEATURE_TYPE_ID = 15487;
update GROUPED_COMPOUND_FEATURE_TYPE set GROUP_ORDER = 2 where COMPOUND_FEATURE_TYPE_ID = 15647;
update GROUPED_COMPOUND_FEATURE_TYPE set GROUP_ORDER = 6 where COMPOUND_FEATURE_TYPE_ID = 3667;
update GROUPED_COMPOUND_FEATURE_TYPE set GROUP_ORDER = 7 where COMPOUND_FEATURE_TYPE_ID = 3627;
update GROUPED_COMPOUND_FEATURE_TYPE set GROUP_ORDER = 1 where COMPOUND_FEATURE_TYPE_ID = 9141;
update GROUPED_COMPOUND_FEATURE_TYPE set GROUP_ORDER = 5 where COMPOUND_FEATURE_TYPE_ID = 9142;
update GROUPED_COMPOUND_FEATURE_TYPE set GROUP_ORDER = 4 where COMPOUND_FEATURE_TYPE_ID = 4461;
update GROUPED_COMPOUND_FEATURE_TYPE set GROUP_ORDER = 3 where COMPOUND_FEATURE_TYPE_ID = 15487;
update GROUPED_COMPOUND_FEATURE_TYPE set GROUP_ORDER = 2 where COMPOUND_FEATURE_TYPE_ID = 15647;
update GROUPED_COMPOUND_FEATURE_TYPE set GROUP_ORDER = 6 where COMPOUND_FEATURE_TYPE_ID = 3667;
insert into COMPOUND_FEATURE_TYPE(COMPOUND_FEATURE_TYPE_ID, NAME, TITLE, CAN_FIND_NEAREST) values (3627, 'TAX_BLOCK_POLYGON', 'Tax Block', 'N');
insert into FEATURE_TYPE(FEATURE_TYPE_ID, NAME, TITLE, NS, NS_URL, WEB_FEATURE_SERVICE_ID, NATIVE_NAME) values (4251, 'TAX_BLOCK_POLYGON', 'Tax Block', 'gwc', 'http://gis.nyc.gov/gwc', 4, 'TAX_BLOCK');
insert into FEATURE_TYPE_ATTRIBUTE(FEATURE_TYPE_ATTRIBUTE_ID, NAME, TYPE, IDENTIFIER, IS_TITLE, FEATURE_TYPE_ID, IS_DB_ATTRIBUTE, TITLE) values (8640, 'BLOCK', 'java.lang.String', 'N', 'N', 4251, 'Y', 'Block');
insert into FT_DATA_STORE_RENDERER(FT_DATA_STORE_RENDERER_ID, FEATURE_TYPE_ID, TABULAR, NAME, TITLE, CSS_CLASS, CREDIT) values (10471, 4251, 'N', 'TAX_BLOCK_POLYGONIdentifyRenderer', 'Tax Block', null, null);
insert into FEATURE_TYPE_ATTRIBUTE(FEATURE_TYPE_ATTRIBUTE_ID, NAME, TYPE, IDENTIFIER, IS_TITLE, FEATURE_TYPE_ID, IS_DB_ATTRIBUTE, TITLE) values (8641, 'BORO', 'java.lang.String', 'N', 'N', 4251, 'Y', 'BORO');
insert into FT_DATA_STORE_REND_FIELD(FT_DATA_STORE_REND_FIELD_ID, FEATURE_TYPE_ATTRIBUTE_ID, FT_DATA_STORE_RENDERER_ID, LINK_ID, DISPLAY_TITLE, LINK_ONLY, RENDER_ORDER, TITLE_PREFIX, TITLE_POSTFIX, VALUE_PREFIX, VALUE_POSTFIX) values (15764, 8641, 10471, null, 'N', 'N', 1, null, null, null, ',');
insert into FT_DATA_STORE_REND_FIELD(FT_DATA_STORE_REND_FIELD_ID, FEATURE_TYPE_ATTRIBUTE_ID, FT_DATA_STORE_RENDERER_ID, LINK_ID, DISPLAY_TITLE, LINK_ONLY, RENDER_ORDER, TITLE_PREFIX, TITLE_POSTFIX, VALUE_PREFIX, VALUE_POSTFIX) values (15765, 8640, 10471, null, 'N', 'N', 2, null, null, 'Block\&nbsp;', null);
insert into FEATURE_TYPE_ATTRIBUTE(FEATURE_TYPE_ATTRIBUTE_ID, NAME, TYPE, IDENTIFIER, IS_TITLE, FEATURE_TYPE_ID, IS_DB_ATTRIBUTE, TITLE) values (8642, 'BORO_BLOCK', 'java.lang.String', 'Y', 'N', 4251, 'Y', 'BORO_BLOCK');
insert into FEATURE_TYPE_ATTRIBUTE(FEATURE_TYPE_ATTRIBUTE_ID, NAME, TYPE, IDENTIFIER, IS_TITLE, FEATURE_TYPE_ID, IS_DB_ATTRIBUTE, TITLE) values (8645, 'DISTANCE', 'java.lang.Double', 'N', 'N', 4251, 'N', 'DISTANCE');
insert into FEATURE_TYPE_ATTRIBUTE(FEATURE_TYPE_ATTRIBUTE_ID, NAME, TYPE, IDENTIFIER, IS_TITLE, FEATURE_TYPE_ID, IS_DB_ATTRIBUTE, TITLE) values (8648, 'INDEX', 'java.lang.Integer', 'N', 'N', 4251, 'N', 'INDEX');
insert into FEATURE_TYPE_ATTRIBUTE(FEATURE_TYPE_ATTRIBUTE_ID, NAME, TYPE, IDENTIFIER, IS_TITLE, FEATURE_TYPE_ID, IS_DB_ATTRIBUTE, TITLE) values (393, 'LABEL', 'java.lang.String', 'N', 'Y', 4251, 'Y', 'LABEL');
insert into FEATURE_TYPE_ATTRIBUTE(FEATURE_TYPE_ATTRIBUTE_ID, NAME, TYPE, IDENTIFIER, IS_TITLE, FEATURE_TYPE_ID, IS_DB_ATTRIBUTE, TITLE) values (8654, 'SHAPE', 'com.vividsolutions.jts.geom.MultiPolygon', 'N', 'N', 4251, 'Y', 'SHAPE');
insert into FTYPE_COMPOUND_FTYPE(COMPOUND_FEATURE_TYPE_ID, FEATURE_TYPE_ID) values (3627, 4251);
insert into SPATIAL_FEATURE_TYPE(FEATURE_TYPE_ID, MARKUP_ORDER, MIN_ZOOM, MAX_ZOOM, USER_META_DATA_ID) values (4251, 96, 0, 0, null);
insert into GROUPED_COMPOUND_FEATURE_TYPE(FEATURE_TYPE_GROUP_ID, COMPOUND_FEATURE_TYPE_ID, GROUP_ORDER) values (18966, 3627, 7);
update GROUPED_COMPOUND_FEATURE_TYPE set GROUP_ORDER = 7 where COMPOUND_FEATURE_TYPE_ID = 3627;
update GROUPED_COMPOUND_FEATURE_TYPE set GROUP_ORDER = 1 where COMPOUND_FEATURE_TYPE_ID = 9141;
update GROUPED_COMPOUND_FEATURE_TYPE set GROUP_ORDER = 5 where COMPOUND_FEATURE_TYPE_ID = 9142;
update GROUPED_COMPOUND_FEATURE_TYPE set GROUP_ORDER = 4 where COMPOUND_FEATURE_TYPE_ID = 4461;
update GROUPED_COMPOUND_FEATURE_TYPE set GROUP_ORDER = 3 where COMPOUND_FEATURE_TYPE_ID = 15487;
update GROUPED_COMPOUND_FEATURE_TYPE set GROUP_ORDER = 2 where COMPOUND_FEATURE_TYPE_ID = 15647;
update GROUPED_COMPOUND_FEATURE_TYPE set GROUP_ORDER = 6 where COMPOUND_FEATURE_TYPE_ID = 3667;
update GROUPED_COMPOUND_FEATURE_TYPE set GROUP_ORDER = 7 where COMPOUND_FEATURE_TYPE_ID = 3627;
update GROUPED_COMPOUND_FEATURE_TYPE set GROUP_ORDER = 1 where COMPOUND_FEATURE_TYPE_ID = 9141;
update GROUPED_COMPOUND_FEATURE_TYPE set GROUP_ORDER = 5 where COMPOUND_FEATURE_TYPE_ID = 9142;
update GROUPED_COMPOUND_FEATURE_TYPE set GROUP_ORDER = 4 where COMPOUND_FEATURE_TYPE_ID = 4461;
update GROUPED_COMPOUND_FEATURE_TYPE set GROUP_ORDER = 3 where COMPOUND_FEATURE_TYPE_ID = 15487;
update GROUPED_COMPOUND_FEATURE_TYPE set GROUP_ORDER = 2 where COMPOUND_FEATURE_TYPE_ID = 15647;
update GROUPED_COMPOUND_FEATURE_TYPE set GROUP_ORDER = 6 where COMPOUND_FEATURE_TYPE_ID = 3667;
insert into TOC_FEATURE_TYPE_GROUP(TOC_ID, FEATURE_TYPE_GROUP_ID, TOC_ORDER) values (18490, 18966, 1);
update TOC_FEATURE_TYPE_GROUP set TOC_ORDER = 2 where FEATURE_TYPE_GROUP_ID = 362;
update TOC_FEATURE_TYPE_GROUP set TOC_ORDER = 1 where FEATURE_TYPE_GROUP_ID = 18966;
update TOC_FEATURE_TYPE_GROUP set TOC_ORDER = 2 where FEATURE_TYPE_GROUP_ID = 362;
update TOC_FEATURE_TYPE_GROUP set TOC_ORDER = 1 where FEATURE_TYPE_GROUP_ID = 18966;

insert into BASEMAP(BASEMAP_ID, NAME, TYPE, TITLE, LIGHT_TEXT, CONFIG_URL, TILE_PATH) values (5, 'DTM_ORTHOS', 'AGS', '2010', 'Y', 'http://localhost/gis/data/tiles/conf.xml', '/gis/data/tiles/orthosLatest/');
insert into APPLICATION_BASEMAP(APPLICATION_ID, BASEMAP_ID, DISPLAY_ORDER) values (8756, 5, 1);
insert into FEATURE_TYPE(FEATURE_TYPE_ID, NAME, TITLE, NS, NS_URL, WEB_FEATURE_SERVICE_ID, NATIVE_NAME) values (24290, 'TAX_LOT_POLYGON', 'Tax Lot', 'gwc', 'http://gis.nyc.gov/gwc', 4, 'TAX_LOT_POLYGON');
insert into FEATURE_TYPE_ATTRIBUTE(FEATURE_TYPE_ATTRIBUTE_ID, NAME, TYPE, IDENTIFIER, IS_TITLE, FEATURE_TYPE_ID, IS_DB_ATTRIBUTE, TITLE) values (62900, 'AIR_RIGHTS_FLAG', 'java.lang.String', 'N', 'N', 24290, 'Y', 'AIR_RIGHTS_FLAG');
insert into FEATURE_TYPE_ATTRIBUTE(FEATURE_TYPE_ATTRIBUTE_ID, NAME, TYPE, IDENTIFIER, IS_TITLE, FEATURE_TYPE_ID, IS_DB_ATTRIBUTE, TITLE) values (62901, 'AV_CHANGE', 'java.lang.Integer', 'N', 'N', 24290, 'Y', 'AV_CHANGE');
insert into FEATURE_TYPE_ATTRIBUTE(FEATURE_TYPE_ATTRIBUTE_ID, NAME, TYPE, IDENTIFIER, IS_TITLE, FEATURE_TYPE_ID, IS_DB_ATTRIBUTE, TITLE) values (62902, 'BBL', 'java.lang.String', 'Y', 'Y', 24290, 'Y', 'BBL');
insert into FEATURE_TYPE_ATTRIBUTE(FEATURE_TYPE_ATTRIBUTE_ID, NAME, TYPE, IDENTIFIER, IS_TITLE, FEATURE_TYPE_ID, IS_DB_ATTRIBUTE, TITLE) values (62903, 'BILL_BBL_FLAG', 'java.lang.Integer', 'N', 'N', 24290, 'Y', 'BILL_BBL_FLAG');
insert into FEATURE_TYPE_ATTRIBUTE(FEATURE_TYPE_ATTRIBUTE_ID, NAME, TYPE, IDENTIFIER, IS_TITLE, FEATURE_TYPE_ID, IS_DB_ATTRIBUTE, TITLE) values (62904, 'BLOCK', 'java.lang.Integer', 'N', 'N', 24290, 'Y', 'Block');
insert into FT_DATA_STORE_RENDERER(FT_DATA_STORE_RENDERER_ID, FEATURE_TYPE_ID, TABULAR, NAME, TITLE, CSS_CLASS, CREDIT) values (534, 24290, 'N', 'TAX_LOT_POLYGONIdentifyRenderer', 'Tax Lot', null, null);
insert into FT_DATA_STORE_REND_FIELD(FT_DATA_STORE_REND_FIELD_ID, FEATURE_TYPE_ATTRIBUTE_ID, FT_DATA_STORE_RENDERER_ID, LINK_ID, DISPLAY_TITLE, LINK_ONLY, RENDER_ORDER, TITLE_PREFIX, TITLE_POSTFIX, VALUE_PREFIX, VALUE_POSTFIX) values (1183, 62904, 534, null, 'Y', 'N', 2, null, ':\&nbsp;', null, '\&nbsp;');
insert into FEATURE_TYPE_ATTRIBUTE(FEATURE_TYPE_ATTRIBUTE_ID, NAME, TYPE, IDENTIFIER, IS_TITLE, FEATURE_TYPE_ID, IS_DB_ATTRIBUTE, TITLE) values (62905, 'BORO', 'java.lang.String', 'N', 'N', 24290, 'Y', 'Borough');
insert into FT_DATA_STORE_REND_FIELD(FT_DATA_STORE_REND_FIELD_ID, FEATURE_TYPE_ATTRIBUTE_ID, FT_DATA_STORE_RENDERER_ID, LINK_ID, DISPLAY_TITLE, LINK_ONLY, RENDER_ORDER, TITLE_PREFIX, TITLE_POSTFIX, VALUE_PREFIX, VALUE_POSTFIX) values (1184, 62905, 534, null, 'N', 'N', 1, null, null, null, '\&nbsp;');
insert into FEATURE_TYPE_ATTRIBUTE(FEATURE_TYPE_ATTRIBUTE_ID, NAME, TYPE, IDENTIFIER, IS_TITLE, FEATURE_TYPE_ID, IS_DB_ATTRIBUTE, TITLE) values (62919, 'LOT', 'java.lang.Integer', 'N', 'N', 24290, 'Y', 'Lot');
insert into FT_DATA_STORE_REND_FIELD(FT_DATA_STORE_REND_FIELD_ID, FEATURE_TYPE_ATTRIBUTE_ID, FT_DATA_STORE_RENDERER_ID, LINK_ID, DISPLAY_TITLE, LINK_ONLY, RENDER_ORDER, TITLE_PREFIX, TITLE_POSTFIX, VALUE_PREFIX, VALUE_POSTFIX) values (1198, 62919, 534, null, 'Y', 'N', 3, null, ':\&nbsp;', null, '<br/>');
insert into FEATURE_TYPE_ATTRIBUTE(FEATURE_TYPE_ATTRIBUTE_ID, NAME, TYPE, IDENTIFIER, IS_TITLE, FEATURE_TYPE_ID, IS_DB_ATTRIBUTE, TITLE) values (62914, 'EFFECTIVE_TAX_YEAR', 'java.lang.String', 'N', 'N', 24290, 'Y', 'Effective Tax Year');
insert into FT_DATA_STORE_REND_FIELD(FT_DATA_STORE_REND_FIELD_ID, FEATURE_TYPE_ATTRIBUTE_ID, FT_DATA_STORE_RENDERER_ID, LINK_ID, DISPLAY_TITLE, LINK_ONLY, RENDER_ORDER, TITLE_PREFIX, TITLE_POSTFIX, VALUE_PREFIX, VALUE_POSTFIX) values (15785, 62914, 534, null, 'Y', 'N', 4, null, ':\&nbsp;', null, null);
insert into FEATURE_TYPE_ATTRIBUTE(FEATURE_TYPE_ATTRIBUTE_ID, NAME, TYPE, IDENTIFIER, IS_TITLE, FEATURE_TYPE_ID, IS_DB_ATTRIBUTE, TITLE) values (62915, 'GLOBALID', 'java.lang.String', 'N', 'N', 24290, 'Y', 'ACRIS');
insert into LINK(LINK_ID, NAME, TEXT, TITLE, HREF, TARGET, ICON_CLASS) values (1040, 'LOT_ACRIS', 'View this Tax Lot in ACRIS', 'View this Tax Lot in ACRIS', 'http://a836-acris.nyc.gov/bblsearch/bblsearch.asp?borough=${BORO_CODE}\&block=${BLOCK}\&lot=${LOT}', '_new', null);
insert into FT_DATA_STORE_REND_FIELD(FT_DATA_STORE_REND_FIELD_ID, FEATURE_TYPE_ATTRIBUTE_ID, FT_DATA_STORE_RENDERER_ID, LINK_ID, DISPLAY_TITLE, LINK_ONLY, RENDER_ORDER, TITLE_PREFIX, TITLE_POSTFIX, VALUE_PREFIX, VALUE_POSTFIX) values (15786, 62915, 534, 1040, 'N', 'Y', 5, null, null, '<br/>', null);
insert into FEATURE_TYPE_ATTRIBUTE(FEATURE_TYPE_ATTRIBUTE_ID, NAME, TYPE, IDENTIFIER, IS_TITLE, FEATURE_TYPE_ID, IS_DB_ATTRIBUTE, TITLE) values (62906, 'BW_CHANGE', 'java.lang.Integer', 'N', 'N', 24290, 'Y', 'BW_CHANGE');
insert into FEATURE_TYPE_ATTRIBUTE(FEATURE_TYPE_ATTRIBUTE_ID, NAME, TYPE, IDENTIFIER, IS_TITLE, FEATURE_TYPE_ID, IS_DB_ATTRIBUTE, TITLE) values (62907, 'COMMUNITY_DISTRICT', 'java.lang.Integer', 'N', 'N', 24290, 'Y', 'COMMUNITY_DISTRICT');
insert into FEATURE_TYPE_ATTRIBUTE(FEATURE_TYPE_ATTRIBUTE_ID, NAME, TYPE, IDENTIFIER, IS_TITLE, FEATURE_TYPE_ID, IS_DB_ATTRIBUTE, TITLE) values (62908, 'CONDO_FLAG', 'java.lang.String', 'N', 'N', 24290, 'Y', 'CONDO_FLAG');
insert into FEATURE_TYPE_ATTRIBUTE(FEATURE_TYPE_ATTRIBUTE_ID, NAME, TYPE, IDENTIFIER, IS_TITLE, FEATURE_TYPE_ID, IS_DB_ATTRIBUTE, TITLE) values (62909, 'CONVERSION_EXCEPTION_FLAG', 'java.lang.Integer', 'N', 'N', 24290, 'Y', 'CONVERSION_EXCEPTION_FLAG');
insert into FEATURE_TYPE_ATTRIBUTE(FEATURE_TYPE_ATTRIBUTE_ID, NAME, TYPE, IDENTIFIER, IS_TITLE, FEATURE_TYPE_ID, IS_DB_ATTRIBUTE, TITLE) values (62910, 'CREATED_BY', 'java.lang.String', 'N', 'N', 24290, 'Y', 'CREATED_BY');
insert into FEATURE_TYPE_ATTRIBUTE(FEATURE_TYPE_ATTRIBUTE_ID, NAME, TYPE, IDENTIFIER, IS_TITLE, FEATURE_TYPE_ID, IS_DB_ATTRIBUTE, TITLE) values (62911, 'CREATED_DATE', 'java.util.Date', 'N', 'N', 24290, 'Y', 'CREATED_DATE');
insert into FEATURE_TYPE_ATTRIBUTE(FEATURE_TYPE_ATTRIBUTE_ID, NAME, TYPE, IDENTIFIER, IS_TITLE, FEATURE_TYPE_ID, IS_DB_ATTRIBUTE, TITLE) values (62912, 'DISTANCE', 'java.lang.Double', 'N', 'N', 24290, 'N', 'DISTANCE');
insert into FEATURE_TYPE_ATTRIBUTE(FEATURE_TYPE_ATTRIBUTE_ID, NAME, TYPE, IDENTIFIER, IS_TITLE, FEATURE_TYPE_ID, IS_DB_ATTRIBUTE, TITLE) values (62913, 'EASEMENT_FLAG', 'java.lang.String', 'N', 'N', 24290, 'Y', 'EASEMENT_FLAG');
insert into FEATURE_TYPE_ATTRIBUTE(FEATURE_TYPE_ATTRIBUTE_ID, NAME, TYPE, IDENTIFIER, IS_TITLE, FEATURE_TYPE_ID, IS_DB_ATTRIBUTE, TITLE) values (62916, 'INDEX', 'java.lang.Integer', 'N', 'N', 24290, 'N', 'INDEX');
insert into FEATURE_TYPE_ATTRIBUTE(FEATURE_TYPE_ATTRIBUTE_ID, NAME, TYPE, IDENTIFIER, IS_TITLE, FEATURE_TYPE_ID, IS_DB_ATTRIBUTE, TITLE) values (62917, 'LAST_MODIFIED_BY', 'java.lang.String', 'N', 'N', 24290, 'Y', 'LAST_MODIFIED_BY');
insert into FEATURE_TYPE_ATTRIBUTE(FEATURE_TYPE_ATTRIBUTE_ID, NAME, TYPE, IDENTIFIER, IS_TITLE, FEATURE_TYPE_ID, IS_DB_ATTRIBUTE, TITLE) values (62918, 'LAST_MODIFIED_DATE', 'java.util.Date', 'N', 'N', 24290, 'Y', 'LAST_MODIFIED_DATE');
insert into FEATURE_TYPE_ATTRIBUTE(FEATURE_TYPE_ATTRIBUTE_ID, NAME, TYPE, IDENTIFIER, IS_TITLE, FEATURE_TYPE_ID, IS_DB_ATTRIBUTE, TITLE) values (62920, 'LOT_NOTE', 'java.lang.String', 'N', 'N', 24290, 'Y', 'LOT_NOTE');
insert into FEATURE_TYPE_ATTRIBUTE(FEATURE_TYPE_ATTRIBUTE_ID, NAME, TYPE, IDENTIFIER, IS_TITLE, FEATURE_TYPE_ID, IS_DB_ATTRIBUTE, TITLE) values (62921, 'MISSING_RPAD_FLAG', 'java.lang.Integer', 'N', 'N', 24290, 'Y', 'MISSING_RPAD_FLAG');
insert into FEATURE_TYPE_ATTRIBUTE(FEATURE_TYPE_ATTRIBUTE_ID, NAME, TYPE, IDENTIFIER, IS_TITLE, FEATURE_TYPE_ID, IS_DB_ATTRIBUTE, TITLE) values (62922, 'NUMBER_LOT_SIDES', 'java.lang.Integer', 'N', 'N', 24290, 'Y', 'NUMBER_LOT_SIDES');
insert into FEATURE_TYPE_ATTRIBUTE(FEATURE_TYPE_ATTRIBUTE_ID, NAME, TYPE, IDENTIFIER, IS_TITLE, FEATURE_TYPE_ID, IS_DB_ATTRIBUTE, TITLE) values (62923, 'NYCMAP_BLDG_FLAG', 'java.lang.Integer', 'N', 'N', 24290, 'Y', 'NYCMAP_BLDG_FLAG');
insert into FEATURE_TYPE_ATTRIBUTE(FEATURE_TYPE_ATTRIBUTE_ID, NAME, TYPE, IDENTIFIER, IS_TITLE, FEATURE_TYPE_ID, IS_DB_ATTRIBUTE, TITLE) values (62924, 'PAGE_NUMBER', 'java.lang.String', 'N', 'N', 24290, 'Y', 'PAGE_NUMBER');
insert into FEATURE_TYPE_ATTRIBUTE(FEATURE_TYPE_ATTRIBUTE_ID, NAME, TYPE, IDENTIFIER, IS_TITLE, FEATURE_TYPE_ID, IS_DB_ATTRIBUTE, TITLE) values (62925, 'REGULAR_LOT_INDICATOR', 'java.lang.String', 'N', 'N', 24290, 'Y', 'REGULAR_LOT_INDICATOR');
insert into FEATURE_TYPE_ATTRIBUTE(FEATURE_TYPE_ATTRIBUTE_ID, NAME, TYPE, IDENTIFIER, IS_TITLE, FEATURE_TYPE_ID, IS_DB_ATTRIBUTE, TITLE) values (62926, 'REUC_FLAG', 'java.lang.String', 'N', 'N', 24290, 'Y', 'REUC_FLAG');
insert into FEATURE_TYPE_ATTRIBUTE(FEATURE_TYPE_ATTRIBUTE_ID, NAME, TYPE, IDENTIFIER, IS_TITLE, FEATURE_TYPE_ID, IS_DB_ATTRIBUTE, TITLE) values (62927, 'SECTION_NUMBER', 'java.lang.Integer', 'N', 'N', 24290, 'Y', 'SECTION_NUMBER');
insert into FEATURE_TYPE_ATTRIBUTE(FEATURE_TYPE_ATTRIBUTE_ID, NAME, TYPE, IDENTIFIER, IS_TITLE, FEATURE_TYPE_ID, IS_DB_ATTRIBUTE, TITLE) values (62928, 'SHAPE', 'com.vividsolutions.jts.geom.MultiPolygon', 'N', 'N', 24290, 'Y', 'SHAPE');
insert into FEATURE_TYPE_ATTRIBUTE(FEATURE_TYPE_ATTRIBUTE_ID, NAME, TYPE, IDENTIFIER, IS_TITLE, FEATURE_TYPE_ID, IS_DB_ATTRIBUTE, TITLE) values (62929, 'SUBTERRANEAN_FLAG', 'java.lang.String', 'N', 'N', 24290, 'Y', 'SUBTERRANEAN_FLAG');
insert into FEATURE_TYPE_ATTRIBUTE(FEATURE_TYPE_ATTRIBUTE_ID, NAME, TYPE, IDENTIFIER, IS_TITLE, FEATURE_TYPE_ID, IS_DB_ATTRIBUTE, TITLE) values (62930, 'VALUE_REFLECTED_OUT_FLAG', 'java.lang.Integer', 'N', 'N', 24290, 'Y', 'VALUE_REFLECTED_OUT_FLAG');
insert into FEATURE_TYPE_ATTRIBUTE(FEATURE_TYPE_ATTRIBUTE_ID, NAME, TYPE, IDENTIFIER, IS_TITLE, FEATURE_TYPE_ID, IS_DB_ATTRIBUTE, TITLE) values (62931, 'VOLUME_NUMBER', 'java.lang.Integer', 'N', 'N', 24290, 'Y', 'VOLUME_NUMBER');
insert into COMPOUND_FEATURE_TYPE(COMPOUND_FEATURE_TYPE_ID, NAME, TITLE, CAN_FIND_NEAREST) values (998, 'TAX_LOT_POLYGON', 'Tax Lot', 'N');
insert into FTYPE_COMPOUND_FTYPE(COMPOUND_FEATURE_TYPE_ID, FEATURE_TYPE_ID) values (998, 24290);
insert into SPATIAL_FEATURE_TYPE(FEATURE_TYPE_ID, MARKUP_ORDER, MIN_ZOOM, MAX_ZOOM, USER_META_DATA_ID) values (24290, 56, 0, 0, null);
insert into BASEMAP(BASEMAP_ID, NAME, TYPE, TITLE, LIGHT_TEXT, CONFIG_URL, TILE_PATH) values (16, 'dtm', 'GWC', 'Tax Map', 'N', 'http://localhost/taxmap/conf.xml', '/geowebcache/service/wms?service=WMS\&request=GetMap\&version=1.1.1\&format=image/png\&layers=dtm');
insert into APPLICATION_BASEMAP(APPLICATION_ID, BASEMAP_ID, DISPLAY_ORDER) values (8756, 16, 3);
insert into BASEMAP_SPATIAL_FEATURE_TYPE(BASEMAP_ID, FEATURE_TYPE_ID, SEARCH_ORDER) values (16, 24290, 1);
insert into BASEMAP(BASEMAP_ID, NAME, TYPE, TITLE, LIGHT_TEXT, CONFIG_URL, TILE_PATH) values (17, 'DTMBasic', 'AGS', 'Map', 'N', 'http://localhost/gis/data/tiles/conf.xml', '/gis/data/tiles/basic/');
insert into APPLICATION_BASEMAP(APPLICATION_ID, BASEMAP_ID, DISPLAY_ORDER) values (8756, 17, 2);
insert into BASEMAP_SPATIAL_FEATURE_TYPE(BASEMAP_ID, FEATURE_TYPE_ID, SEARCH_ORDER) values (17, 24290, 1);
insert into BASEMAP_SPATIAL_FEATURE_TYPE(BASEMAP_ID, FEATURE_TYPE_ID, SEARCH_ORDER) values (5, 24290, 1);
insert into APPLICATION_CONTACT(APPLICATION_ID, CONTACT_ID) values (8756, 2);
insert into APPLICATION_DATA_STORE_REND(APPLICATION_ID, RENDERER_ID) values (8756, 3);
insert into APPLICATION_DATA_STORE_REND(APPLICATION_ID, RENDERER_ID) values (8756, 4);
insert into APPLICATION_DATA_STORE_REND(APPLICATION_ID, RENDERER_ID) values (8756, 5);
insert into APPLICATION_DATA_STORE_REND(APPLICATION_ID, RENDERER_ID) values (8756, 6);
insert into APPLICATION_DATA_STORE_REND(APPLICATION_ID, RENDERER_ID) values (8756, 7);
insert into APPLICATION_DATA_STORE_REND(APPLICATION_ID, RENDERER_ID) values (8756, 8);
insert into APPLICATION_DATA_STORE_REND(APPLICATION_ID, RENDERER_ID) values (8756, 12);
insert into APPLICATION_DATA_STORE_REND(APPLICATION_ID, RENDERER_ID) values (8756, 13);
insert into APPLICATION_DATA_STORE_REND(APPLICATION_ID, RENDERER_ID) values (8756, 14);
insert into APPLICATION_DATA_STORE_REND(APPLICATION_ID, RENDERER_ID) values (8756, 15);
insert into APPLICATION_DATA_STORE_REND(APPLICATION_ID, RENDERER_ID) values (8756, 25);
insert into APPLICATION_DATA_STORE_REND(APPLICATION_ID, RENDERER_ID) values (8756, 4356);

insert into FEATURE_TYPE(FEATURE_TYPE_ID, NAME, TITLE, NS, NS_URL, WEB_FEATURE_SERVICE_ID, NATIVE_NAME) values (6546, 'AIR_LOOKUP', 'AIR_RIGHT_LOOKUP', 'gwc', 'http://gis.nyc.gov/gwc', 4, 'AIR_LOOKUP');
insert into FEATURE_TYPE_ATTRIBUTE(FEATURE_TYPE_ATTRIBUTE_ID, NAME, TYPE, IDENTIFIER, IS_TITLE, FEATURE_TYPE_ID, IS_DB_ATTRIBUTE, TITLE) values (15142, 'AIR_KEY', 'java.lang.String', 'Y', 'N', 6546, 'Y', 'AIR_KEY');
insert into FEATURE_TYPE_ATTRIBUTE(FEATURE_TYPE_ATTRIBUTE_ID, NAME, TYPE, IDENTIFIER, IS_TITLE, FEATURE_TYPE_ID, IS_DB_ATTRIBUTE, TITLE) values (15143, 'AIR_RIGHTS_LOT_NUMBER', 'java.lang.Double', 'N', 'N', 6546, 'Y', 'AIR_RIGHTS_LOT_NUMBER');
insert into FEATURE_TYPE_ATTRIBUTE(FEATURE_TYPE_ATTRIBUTE_ID, NAME, TYPE, IDENTIFIER, IS_TITLE, FEATURE_TYPE_ID, IS_DB_ATTRIBUTE, TITLE) values (15144, 'BBL', 'java.lang.String', 'N', 'Y', 6546, 'Y', 'BBL');

insert into FEATURE_TYPE(FEATURE_TYPE_ID, NAME, TITLE, NS, NS_URL, WEB_FEATURE_SERVICE_ID, NATIVE_NAME) values (4295, 'AIR_RIGHT', 'Air Right', 'gwc', 'http://gis.nyc.gov/gwc', 4, 'AIR_RIGHT');
insert into FEATURE_TYPE_ATTRIBUTE(FEATURE_TYPE_ATTRIBUTE_ID, NAME, TYPE, IDENTIFIER, IS_TITLE, FEATURE_TYPE_ID, IS_DB_ATTRIBUTE, TITLE) values (8722, 'AIR_LOT', 'java.lang.Double', 'N', 'N', 4295, 'Y', 'Lot');
insert into FT_DATA_STORE_RENDERER(FT_DATA_STORE_RENDERER_ID, FEATURE_TYPE_ID, TABULAR, NAME, TITLE, CSS_CLASS, CREDIT) values (10155, 4295, 'N', 'AIR_RIGHTIdentifyRenderer', 'Air Right', null, null);
insert into FEATURE_TYPE_ATTRIBUTE(FEATURE_TYPE_ATTRIBUTE_ID, NAME, TYPE, IDENTIFIER, IS_TITLE, FEATURE_TYPE_ID, IS_DB_ATTRIBUTE, TITLE) values (8723, 'BBL', 'java.lang.String', 'Y', 'Y', 4295, 'Y', 'ACRIS');
insert into LINK(LINK_ID, NAME, TEXT, TITLE, HREF, TARGET, ICON_CLASS) values (800, 'AIR_ACRIS', 'View', 'View this Air Rights Lot in ACRIS', 'http://a836-acris.nyc.gov/bblsearch/bblsearch.asp?borough=${BORO}\&block=${BLOCK}\&lot=${AIR_LOT}', '_new', null);
insert into FT_DATA_STORE_REND_FIELD(FT_DATA_STORE_REND_FIELD_ID, FEATURE_TYPE_ATTRIBUTE_ID, FT_DATA_STORE_RENDERER_ID, LINK_ID, DISPLAY_TITLE, LINK_ONLY, RENDER_ORDER, TITLE_PREFIX, TITLE_POSTFIX, VALUE_PREFIX, VALUE_POSTFIX) values (15458, 8723, 10155, 800, 'N', 'Y', 1, null, null, null, null);
insert into FT_DATA_STORE_REND_FIELD(FT_DATA_STORE_REND_FIELD_ID, FEATURE_TYPE_ATTRIBUTE_ID, FT_DATA_STORE_RENDERER_ID, LINK_ID, DISPLAY_TITLE, LINK_ONLY, RENDER_ORDER, TITLE_PREFIX, TITLE_POSTFIX, VALUE_PREFIX, VALUE_POSTFIX) values (15459, 8722, 10155, null, 'Y', 'N', 2, null, null, null, null);
insert into FEATURE_TYPE_ATTRIBUTE(FEATURE_TYPE_ATTRIBUTE_ID, NAME, TYPE, IDENTIFIER, IS_TITLE, FEATURE_TYPE_ID, IS_DB_ATTRIBUTE, TITLE) values (8726, 'EFFECTIVE_TAX_YEAR', 'java.lang.String', 'N', 'N', 4295, 'Y', 'Effective Tax Year');
insert into FT_DATA_STORE_REND_FIELD(FT_DATA_STORE_REND_FIELD_ID, FEATURE_TYPE_ATTRIBUTE_ID, FT_DATA_STORE_RENDERER_ID, LINK_ID, DISPLAY_TITLE, LINK_ONLY, RENDER_ORDER, TITLE_PREFIX, TITLE_POSTFIX, VALUE_PREFIX, VALUE_POSTFIX) values (15460, 8726, 10155, null, 'Y', 'N', 3, null, null, null, null);
insert into FEATURE_TYPE_ATTRIBUTE(FEATURE_TYPE_ATTRIBUTE_ID, NAME, TYPE, IDENTIFIER, IS_TITLE, FEATURE_TYPE_ID, IS_DB_ATTRIBUTE, TITLE) values (8724, 'BLOCK', 'java.lang.Double', 'N', 'N', 4295, 'Y', 'BLOCK');
insert into FEATURE_TYPE_ATTRIBUTE(FEATURE_TYPE_ATTRIBUTE_ID, NAME, TYPE, IDENTIFIER, IS_TITLE, FEATURE_TYPE_ID, IS_DB_ATTRIBUTE, TITLE) values (8725, 'BORO', 'java.lang.String', 'N', 'N', 4295, 'Y', 'BORO');

insert into FEATURE_TYPE(FEATURE_TYPE_ID, NAME, TITLE, NS, NS_URL, WEB_FEATURE_SERVICE_ID, NATIVE_NAME) values (5471, 'AIR_RIGHT2', 'DOF_TAXMAP.AIR_RIGHT', 'gwc', 'http://gis.nyc.gov/gwc', 4, 'AIR_RIGHT2');
insert into FEATURE_TYPE_ATTRIBUTE(FEATURE_TYPE_ATTRIBUTE_ID, NAME, TYPE, IDENTIFIER, IS_TITLE, FEATURE_TYPE_ID, IS_DB_ATTRIBUTE, TITLE) values (12020, 'AIR_LOT', 'java.lang.Double', 'Y', 'Y', 5471, 'Y', 'AIR_LOT');
insert into FEATURE_TYPE_ATTRIBUTE(FEATURE_TYPE_ATTRIBUTE_ID, NAME, TYPE, IDENTIFIER, IS_TITLE, FEATURE_TYPE_ID, IS_DB_ATTRIBUTE, TITLE) values (12021, 'BBL', 'java.lang.String', 'N', 'N', 5471, 'Y', 'BBL');
insert into FEATURE_TYPE_ATTRIBUTE(FEATURE_TYPE_ATTRIBUTE_ID, NAME, TYPE, IDENTIFIER, IS_TITLE, FEATURE_TYPE_ID, IS_DB_ATTRIBUTE, TITLE) values (12022, 'BLOCK', 'java.lang.Double', 'N', 'N', 5471, 'Y', 'BLOCK');
insert into FEATURE_TYPE_ATTRIBUTE(FEATURE_TYPE_ATTRIBUTE_ID, NAME, TYPE, IDENTIFIER, IS_TITLE, FEATURE_TYPE_ID, IS_DB_ATTRIBUTE, TITLE) values (12023, 'BORO', 'java.lang.String', 'N', 'N', 5471, 'Y', 'BORO');
insert into FEATURE_TYPE_ATTRIBUTE(FEATURE_TYPE_ATTRIBUTE_ID, NAME, TYPE, IDENTIFIER, IS_TITLE, FEATURE_TYPE_ID, IS_DB_ATTRIBUTE, TITLE) values (12024, 'EFFECTIVE_TAX_YEAR', 'java.lang.String', 'N', 'N', 5471, 'Y', 'EFFECTIVE_TAX_YEAR');
insert into FT_DATA_STORE_RENDERER(FT_DATA_STORE_RENDERER_ID, FEATURE_TYPE_ID, TABULAR, NAME, TITLE, CSS_CLASS, CREDIT) values (10591, 5471, 'Y', 'AIR_RIGHT2IdentifyRenderer', 'Air Rights', null, null);
insert into FT_DATA_STORE_REND_FIELD(FT_DATA_STORE_REND_FIELD_ID, FEATURE_TYPE_ATTRIBUTE_ID, FT_DATA_STORE_RENDERER_ID, LINK_ID, DISPLAY_TITLE, LINK_ONLY, RENDER_ORDER, TITLE_PREFIX, TITLE_POSTFIX, VALUE_PREFIX, VALUE_POSTFIX) values (15924, 12024, 10591, null, 'Y', 'N', 1, null, null, null, null);

insert into FEATURE_TYPE(FEATURE_TYPE_ID, NAME, TITLE, NS, NS_URL, WEB_FEATURE_SERVICE_ID, NATIVE_NAME) values (4294, 'CONDO', 'Condominium', 'gwc', 'http://gis.nyc.gov/gwc', 4, 'CONDOMINIUM');
insert into FEATURE_TYPE_ATTRIBUTE(FEATURE_TYPE_ATTRIBUTE_ID, NAME, TYPE, IDENTIFIER, IS_TITLE, FEATURE_TYPE_ID, IS_DB_ATTRIBUTE, TITLE) values (8718, 'BBL', 'java.lang.String', 'N', 'Y', 4294, 'Y', 'BBL');
insert into FEATURE_TYPE_ATTRIBUTE(FEATURE_TYPE_ATTRIBUTE_ID, NAME, TYPE, IDENTIFIER, IS_TITLE, FEATURE_TYPE_ID, IS_DB_ATTRIBUTE, TITLE) values (8719, 'BILLING_LOT', 'java.lang.String', 'N', 'N', 4294, 'Y', 'Billing Lot No.');
insert into FT_DATA_STORE_RENDERER(FT_DATA_STORE_RENDERER_ID, FEATURE_TYPE_ID, TABULAR, NAME, TITLE, CSS_CLASS, CREDIT) values (10154, 4294, 'N', 'CONDOIdentifyRenderer', 'Condominium', 'dtmCondoRend', null);
insert into FEATURE_TYPE_ATTRIBUTE(FEATURE_TYPE_ATTRIBUTE_ID, NAME, TYPE, IDENTIFIER, IS_TITLE, FEATURE_TYPE_ID, IS_DB_ATTRIBUTE, TITLE) values (8721, 'CONDO_NUMBER', 'java.lang.Double', 'N', 'N', 4294, 'Y', 'Condominium No.');
insert into FT_DATA_STORE_REND_FIELD(FT_DATA_STORE_REND_FIELD_ID, FEATURE_TYPE_ATTRIBUTE_ID, FT_DATA_STORE_RENDERER_ID, LINK_ID, DISPLAY_TITLE, LINK_ONLY, RENDER_ORDER, TITLE_PREFIX, TITLE_POSTFIX, VALUE_PREFIX, VALUE_POSTFIX) values (15455, 8721, 10154, null, 'Y', 'N', 1, '<b>', ':</b>', null, '<br/>');
insert into FEATURE_TYPE_ATTRIBUTE(FEATURE_TYPE_ATTRIBUTE_ID, NAME, TYPE, IDENTIFIER, IS_TITLE, FEATURE_TYPE_ID, IS_DB_ATTRIBUTE, TITLE) values (8720, 'CONDO_NAME', 'java.lang.String', 'N', 'N', 4294, 'Y', 'Condominium Name');
insert into FT_DATA_STORE_REND_FIELD(FT_DATA_STORE_REND_FIELD_ID, FEATURE_TYPE_ATTRIBUTE_ID, FT_DATA_STORE_RENDERER_ID, LINK_ID, DISPLAY_TITLE, LINK_ONLY, RENDER_ORDER, TITLE_PREFIX, TITLE_POSTFIX, VALUE_PREFIX, VALUE_POSTFIX) values (15456, 8720, 10154, null, 'Y', 'N', 2, '<b>', ':</b>', null, '<br/>');
insert into FT_DATA_STORE_REND_FIELD(FT_DATA_STORE_REND_FIELD_ID, FEATURE_TYPE_ATTRIBUTE_ID, FT_DATA_STORE_RENDERER_ID, LINK_ID, DISPLAY_TITLE, LINK_ONLY, RENDER_ORDER, TITLE_PREFIX, TITLE_POSTFIX, VALUE_PREFIX, VALUE_POSTFIX) values (15457, 8719, 10154, null, 'Y', 'N', 3, '<b>', ':</b>', null, null);
insert into FEATURE_TYPE_ATTRIBUTE(FEATURE_TYPE_ATTRIBUTE_ID, NAME, TYPE, IDENTIFIER, IS_TITLE, FEATURE_TYPE_ID, IS_DB_ATTRIBUTE, TITLE) values (342, 'CONDO_KEY', 'java.lang.Integer', 'Y', 'N', 4294, 'Y', 'CONDO_KEY');

insert into FEATURE_TYPE(FEATURE_TYPE_ID, NAME, TITLE, NS, NS_URL, WEB_FEATURE_SERVICE_ID, NATIVE_NAME) values (4292, 'CONDO_UNIT', 'Condominium Unit', 'gwc', 'http://gis.nyc.gov/gwc', 4, 'CONDO_UNIT');
insert into FEATURE_TYPE_ATTRIBUTE(FEATURE_TYPE_ATTRIBUTE_ID, NAME, TYPE, IDENTIFIER, IS_TITLE, FEATURE_TYPE_ID, IS_DB_ATTRIBUTE, TITLE) values (8709, 'BBL', 'java.lang.String', 'Y', 'Y', 4292, 'Y', 'ACRIS');
insert into FT_DATA_STORE_RENDERER(FT_DATA_STORE_RENDERER_ID, FEATURE_TYPE_ID, TABULAR, NAME, TITLE, CSS_CLASS, CREDIT) values (10152, 4292, 'Y', 'CONDO_UNITIdentifyRenderer', 'Condominium Unit', null, null);
insert into FEATURE_TYPE_ATTRIBUTE(FEATURE_TYPE_ATTRIBUTE_ID, NAME, TYPE, IDENTIFIER, IS_TITLE, FEATURE_TYPE_ID, IS_DB_ATTRIBUTE, TITLE) values (8712, 'UNIT_LOT', 'java.lang.Double', 'N', 'N', 4292, 'Y', 'Unit No.');
insert into FT_DATA_STORE_REND_FIELD(FT_DATA_STORE_REND_FIELD_ID, FEATURE_TYPE_ATTRIBUTE_ID, FT_DATA_STORE_RENDERER_ID, LINK_ID, DISPLAY_TITLE, LINK_ONLY, RENDER_ORDER, TITLE_PREFIX, TITLE_POSTFIX, VALUE_PREFIX, VALUE_POSTFIX) values (15448, 8712, 10152, null, 'Y', 'N', 2, null, null, null, null);
insert into LINK(LINK_ID, NAME, TEXT, TITLE, HREF, TARGET, ICON_CLASS) values (802, 'CONDO_ACRIS', 'View', 'View this Condominium Unit in ACRIS', 'http://a836-acris.nyc.gov/bblsearch/bblsearch.asp?borough=${BORO}\&block=${BLOCK}\&lot=${UNIT_LOT}', '_new', null);
insert into FT_DATA_STORE_REND_FIELD(FT_DATA_STORE_REND_FIELD_ID, FEATURE_TYPE_ATTRIBUTE_ID, FT_DATA_STORE_RENDERER_ID, LINK_ID, DISPLAY_TITLE, LINK_ONLY, RENDER_ORDER, TITLE_PREFIX, TITLE_POSTFIX, VALUE_PREFIX, VALUE_POSTFIX) values (15451, 8709, 10152, 802, 'Y', 'Y', 1, null, null, null, null);
insert into FEATURE_TYPE_ATTRIBUTE(FEATURE_TYPE_ATTRIBUTE_ID, NAME, TYPE, IDENTIFIER, IS_TITLE, FEATURE_TYPE_ID, IS_DB_ATTRIBUTE, TITLE) values (8711, 'UNIT_DESIGNATION', 'java.lang.String', 'N', 'N', 4292, 'Y', 'Unit Designation');
insert into FT_DATA_STORE_REND_FIELD(FT_DATA_STORE_REND_FIELD_ID, FEATURE_TYPE_ATTRIBUTE_ID, FT_DATA_STORE_RENDERER_ID, LINK_ID, DISPLAY_TITLE, LINK_ONLY, RENDER_ORDER, TITLE_PREFIX, TITLE_POSTFIX, VALUE_PREFIX, VALUE_POSTFIX) values (15449, 8711, 10152, null, 'Y', 'N', 3, null, null, null, null);
insert into FEATURE_TYPE_ATTRIBUTE(FEATURE_TYPE_ATTRIBUTE_ID, NAME, TYPE, IDENTIFIER, IS_TITLE, FEATURE_TYPE_ID, IS_DB_ATTRIBUTE, TITLE) values (8710, 'EFFECTIVE_TAX_YEAR', 'java.lang.String', 'N', 'N', 4292, 'Y', 'Effective Tax Year');
insert into FT_DATA_STORE_REND_FIELD(FT_DATA_STORE_REND_FIELD_ID, FEATURE_TYPE_ATTRIBUTE_ID, FT_DATA_STORE_RENDERER_ID, LINK_ID, DISPLAY_TITLE, LINK_ONLY, RENDER_ORDER, TITLE_PREFIX, TITLE_POSTFIX, VALUE_PREFIX, VALUE_POSTFIX) values (15450, 8710, 10152, null, 'Y', 'N', 4, null, null, null, null);
insert into FEATURE_TYPE_ATTRIBUTE(FEATURE_TYPE_ATTRIBUTE_ID, NAME, TYPE, IDENTIFIER, IS_TITLE, FEATURE_TYPE_ID, IS_DB_ATTRIBUTE, TITLE) values (242, 'CONDO_NUMBER', 'java.lang.String', 'N', 'N', 4292, 'Y', 'CONDO_NUMBER');
insert into FT_DATA_STORE_REND_FIELD(FT_DATA_STORE_REND_FIELD_ID, FEATURE_TYPE_ATTRIBUTE_ID, FT_DATA_STORE_RENDERER_ID, LINK_ID, DISPLAY_TITLE, LINK_ONLY, RENDER_ORDER, TITLE_PREFIX, TITLE_POSTFIX, VALUE_PREFIX, VALUE_POSTFIX) values (16365, 242, 10152, null, 'Y', 'N', 5, null, null, null, null);
insert into FEATURE_TYPE_ATTRIBUTE(FEATURE_TYPE_ATTRIBUTE_ID, NAME, TYPE, IDENTIFIER, IS_TITLE, FEATURE_TYPE_ID, IS_DB_ATTRIBUTE, TITLE) values (341, 'BLOCK', 'java.lang.String', 'N', 'N', 4292, 'Y', 'BLOCK');
insert into FEATURE_TYPE_ATTRIBUTE(FEATURE_TYPE_ATTRIBUTE_ID, NAME, TYPE, IDENTIFIER, IS_TITLE, FEATURE_TYPE_ID, IS_DB_ATTRIBUTE, TITLE) values (340, 'BORO', 'java.lang.String', 'N', 'N', 4292, 'Y', 'BORO');

insert into FEATURE_TYPE(FEATURE_TYPE_ID, NAME, TITLE, NS, NS_URL, WEB_FEATURE_SERVICE_ID, NATIVE_NAME) values (4213, 'REUC_LOT', 'REUC Lot', 'gwc', 'http://gis.nyc.gov/gwc', 4, 'REUC_LOT');
insert into FEATURE_TYPE_ATTRIBUTE(FEATURE_TYPE_ATTRIBUTE_ID, NAME, TYPE, IDENTIFIER, IS_TITLE, FEATURE_TYPE_ID, IS_DB_ATTRIBUTE, TITLE) values (8574, 'APPURTENANT_BBL', 'java.lang.String', 'N', 'N', 4213, 'Y', 'APPURTENANT_BBL');
insert into FEATURE_TYPE_ATTRIBUTE(FEATURE_TYPE_ATTRIBUTE_ID, NAME, TYPE, IDENTIFIER, IS_TITLE, FEATURE_TYPE_ID, IS_DB_ATTRIBUTE, TITLE) values (8575, 'APPURTENANT_BLOCK', 'java.lang.Double', 'N', 'N', 4213, 'Y', 'APPURTENANT_BLOCK');
insert into FEATURE_TYPE_ATTRIBUTE(FEATURE_TYPE_ATTRIBUTE_ID, NAME, TYPE, IDENTIFIER, IS_TITLE, FEATURE_TYPE_ID, IS_DB_ATTRIBUTE, TITLE) values (8576, 'APPURTENANT_BORO', 'java.lang.String', 'N', 'N', 4213, 'Y', 'APPURTENANT_BORO');
insert into FEATURE_TYPE_ATTRIBUTE(FEATURE_TYPE_ATTRIBUTE_ID, NAME, TYPE, IDENTIFIER, IS_TITLE, FEATURE_TYPE_ID, IS_DB_ATTRIBUTE, TITLE) values (8577, 'APPURTENANT_LOT', 'java.lang.Double', 'N', 'N', 4213, 'Y', 'APPURTENANT_LOT');
insert into FEATURE_TYPE_ATTRIBUTE(FEATURE_TYPE_ATTRIBUTE_ID, NAME, TYPE, IDENTIFIER, IS_TITLE, FEATURE_TYPE_ID, IS_DB_ATTRIBUTE, TITLE) values (8578, 'AV_CHANGE', 'java.lang.Double', 'N', 'N', 4213, 'Y', 'AV_CHANGE');
insert into FEATURE_TYPE_ATTRIBUTE(FEATURE_TYPE_ATTRIBUTE_ID, NAME, TYPE, IDENTIFIER, IS_TITLE, FEATURE_TYPE_ID, IS_DB_ATTRIBUTE, TITLE) values (8579, 'BW_CHANGE', 'java.lang.Double', 'N', 'N', 4213, 'Y', 'BW_CHANGE');
insert into FEATURE_TYPE_ATTRIBUTE(FEATURE_TYPE_ATTRIBUTE_ID, NAME, TYPE, IDENTIFIER, IS_TITLE, FEATURE_TYPE_ID, IS_DB_ATTRIBUTE, TITLE) values (8580, 'CREATED_BY', 'java.lang.String', 'N', 'N', 4213, 'Y', 'CREATED_BY');
insert into FEATURE_TYPE_ATTRIBUTE(FEATURE_TYPE_ATTRIBUTE_ID, NAME, TYPE, IDENTIFIER, IS_TITLE, FEATURE_TYPE_ID, IS_DB_ATTRIBUTE, TITLE) values (8581, 'CREATED_DATE', 'java.util.Date', 'N', 'N', 4213, 'Y', 'CREATED_DATE');
insert into FEATURE_TYPE_ATTRIBUTE(FEATURE_TYPE_ATTRIBUTE_ID, NAME, TYPE, IDENTIFIER, IS_TITLE, FEATURE_TYPE_ID, IS_DB_ATTRIBUTE, TITLE) values (8582, 'DELETED_FLAG', 'java.lang.Double', 'N', 'N', 4213, 'Y', 'DELETED_FLAG');
insert into FEATURE_TYPE_ATTRIBUTE(FEATURE_TYPE_ATTRIBUTE_ID, NAME, TYPE, IDENTIFIER, IS_TITLE, FEATURE_TYPE_ID, IS_DB_ATTRIBUTE, TITLE) values (8583, 'EFFECTIVE_TAX_YEAR', 'java.lang.String', 'N', 'N', 4213, 'Y', 'Effective Tax Year');
insert into FT_DATA_STORE_RENDERER(FT_DATA_STORE_RENDERER_ID, FEATURE_TYPE_ID, TABULAR, NAME, TITLE, CSS_CLASS, CREDIT) values (10113, 4213, 'N', 'REUC_LOTIdentifyRenderer', 'REUC', null, null);
insert into FEATURE_TYPE_ATTRIBUTE(FEATURE_TYPE_ATTRIBUTE_ID, NAME, TYPE, IDENTIFIER, IS_TITLE, FEATURE_TYPE_ID, IS_DB_ATTRIBUTE, TITLE) values (8587, 'REUC_NUMBER', 'java.lang.String', 'N', 'Y', 4213, 'Y', 'REUC No.');
insert into FT_DATA_STORE_REND_FIELD(FT_DATA_STORE_REND_FIELD_ID, FEATURE_TYPE_ATTRIBUTE_ID, FT_DATA_STORE_RENDERER_ID, LINK_ID, DISPLAY_TITLE, LINK_ONLY, RENDER_ORDER, TITLE_PREFIX, TITLE_POSTFIX, VALUE_PREFIX, VALUE_POSTFIX) values (15413, 8587, 10113, null, 'Y', 'N', 1, null, null, null, null);
insert into FT_DATA_STORE_REND_FIELD(FT_DATA_STORE_REND_FIELD_ID, FEATURE_TYPE_ATTRIBUTE_ID, FT_DATA_STORE_RENDERER_ID, LINK_ID, DISPLAY_TITLE, LINK_ONLY, RENDER_ORDER, TITLE_PREFIX, TITLE_POSTFIX, VALUE_PREFIX, VALUE_POSTFIX) values (15414, 8583, 10113, null, 'N', 'N', 2, null, null, null, null);
insert into FEATURE_TYPE_ATTRIBUTE(FEATURE_TYPE_ATTRIBUTE_ID, NAME, TYPE, IDENTIFIER, IS_TITLE, FEATURE_TYPE_ID, IS_DB_ATTRIBUTE, TITLE) values (8584, 'GLOBALID', 'java.lang.String', 'Y', 'N', 4213, 'Y', 'GLOBALID');
insert into FEATURE_TYPE_ATTRIBUTE(FEATURE_TYPE_ATTRIBUTE_ID, NAME, TYPE, IDENTIFIER, IS_TITLE, FEATURE_TYPE_ID, IS_DB_ATTRIBUTE, TITLE) values (8585, 'LAST_MODIFIED_BY', 'java.lang.String', 'N', 'N', 4213, 'Y', 'LAST_MODIFIED_BY');
insert into FEATURE_TYPE_ATTRIBUTE(FEATURE_TYPE_ATTRIBUTE_ID, NAME, TYPE, IDENTIFIER, IS_TITLE, FEATURE_TYPE_ID, IS_DB_ATTRIBUTE, TITLE) values (8586, 'LAST_MODIFIED_DATE', 'java.util.Date', 'N', 'N', 4213, 'Y', 'LAST_MODIFIED_DATE');

insert into FEATURE_TYPE(FEATURE_TYPE_ID, NAME, TITLE, NS, NS_URL, WEB_FEATURE_SERVICE_ID, NATIVE_NAME) values (6547, 'SUB_LOOKUP', 'SUBTERRANEAN_LOOKUP', 'gwc', 'http://gis.nyc.gov/gwc', 4, 'SUB_LOOKUP');
insert into FEATURE_TYPE_ATTRIBUTE(FEATURE_TYPE_ATTRIBUTE_ID, NAME, TYPE, IDENTIFIER, IS_TITLE, FEATURE_TYPE_ID, IS_DB_ATTRIBUTE, TITLE) values (15145, 'BBL', 'java.lang.String', 'N', 'Y', 6547, 'Y', 'BBL');
insert into FEATURE_TYPE_ATTRIBUTE(FEATURE_TYPE_ATTRIBUTE_ID, NAME, TYPE, IDENTIFIER, IS_TITLE, FEATURE_TYPE_ID, IS_DB_ATTRIBUTE, TITLE) values (15146, 'SUBTERRANEAN_LOT_NUMBER', 'java.lang.Double', 'N', 'N', 6547, 'Y', 'SUBTERRANEAN_LOT_NUMBER');
insert into FEATURE_TYPE_ATTRIBUTE(FEATURE_TYPE_ATTRIBUTE_ID, NAME, TYPE, IDENTIFIER, IS_TITLE, FEATURE_TYPE_ID, IS_DB_ATTRIBUTE, TITLE) values (15147, 'SUB_KEY', 'java.lang.String', 'Y', 'N', 6547, 'Y', 'SUB_KEY');

insert into FEATURE_TYPE(FEATURE_TYPE_ID, NAME, TITLE, NS, NS_URL, WEB_FEATURE_SERVICE_ID, NATIVE_NAME) values (5272, 'TAX_LOT_POLYGON2', 'DOF_TAXMAP.TAX_LOT_POLYGON', 'gwc', 'http://gis.nyc.gov/gwc', 4, 'TAX_LOT_POLYGON2');
insert into FEATURE_TYPE_ATTRIBUTE(FEATURE_TYPE_ATTRIBUTE_ID, NAME, TYPE, IDENTIFIER, IS_TITLE, FEATURE_TYPE_ID, IS_DB_ATTRIBUTE, TITLE) values (11447, 'AIR_RIGHTS_FLAG', 'java.lang.String', 'Y', 'Y', 5272, 'Y', 'AIR_RIGHTS_FLAG');
insert into FEATURE_TYPE_ATTRIBUTE(FEATURE_TYPE_ATTRIBUTE_ID, NAME, TYPE, IDENTIFIER, IS_TITLE, FEATURE_TYPE_ID, IS_DB_ATTRIBUTE, TITLE) values (11448, 'AV_CHANGE', 'java.lang.Integer', 'N', 'N', 5272, 'Y', 'AV_CHANGE');
insert into FEATURE_TYPE_ATTRIBUTE(FEATURE_TYPE_ATTRIBUTE_ID, NAME, TYPE, IDENTIFIER, IS_TITLE, FEATURE_TYPE_ID, IS_DB_ATTRIBUTE, TITLE) values (11449, 'BBL', 'java.lang.String', 'N', 'N', 5272, 'Y', 'BBL');
insert into FEATURE_TYPE_ATTRIBUTE(FEATURE_TYPE_ATTRIBUTE_ID, NAME, TYPE, IDENTIFIER, IS_TITLE, FEATURE_TYPE_ID, IS_DB_ATTRIBUTE, TITLE) values (11450, 'BILL_BBL_FLAG', 'java.lang.Integer', 'N', 'N', 5272, 'Y', 'BILL_BBL_FLAG');
insert into FEATURE_TYPE_ATTRIBUTE(FEATURE_TYPE_ATTRIBUTE_ID, NAME, TYPE, IDENTIFIER, IS_TITLE, FEATURE_TYPE_ID, IS_DB_ATTRIBUTE, TITLE) values (11451, 'BLOCK', 'java.lang.Integer', 'N', 'N', 5272, 'Y', 'BLOCK');
insert into FEATURE_TYPE_ATTRIBUTE(FEATURE_TYPE_ATTRIBUTE_ID, NAME, TYPE, IDENTIFIER, IS_TITLE, FEATURE_TYPE_ID, IS_DB_ATTRIBUTE, TITLE) values (11452, 'BORO', 'java.lang.String', 'N', 'N', 5272, 'Y', 'BORO');
insert into FEATURE_TYPE_ATTRIBUTE(FEATURE_TYPE_ATTRIBUTE_ID, NAME, TYPE, IDENTIFIER, IS_TITLE, FEATURE_TYPE_ID, IS_DB_ATTRIBUTE, TITLE) values (11453, 'BW_CHANGE', 'java.lang.Integer', 'N', 'N', 5272, 'Y', 'BW_CHANGE');
insert into FEATURE_TYPE_ATTRIBUTE(FEATURE_TYPE_ATTRIBUTE_ID, NAME, TYPE, IDENTIFIER, IS_TITLE, FEATURE_TYPE_ID, IS_DB_ATTRIBUTE, TITLE) values (11454, 'COMMUNITY_DISTRICT', 'java.lang.Integer', 'N', 'N', 5272, 'Y', 'COMMUNITY_DISTRICT');
insert into FEATURE_TYPE_ATTRIBUTE(FEATURE_TYPE_ATTRIBUTE_ID, NAME, TYPE, IDENTIFIER, IS_TITLE, FEATURE_TYPE_ID, IS_DB_ATTRIBUTE, TITLE) values (11455, 'CONDO_FLAG', 'java.lang.String', 'N', 'N', 5272, 'Y', 'CONDO_FLAG');
insert into FEATURE_TYPE_ATTRIBUTE(FEATURE_TYPE_ATTRIBUTE_ID, NAME, TYPE, IDENTIFIER, IS_TITLE, FEATURE_TYPE_ID, IS_DB_ATTRIBUTE, TITLE) values (11456, 'CONVERSION_EXCEPTION_FLAG', 'java.lang.Integer', 'N', 'N', 5272, 'Y', 'CONVERSION_EXCEPTION_FLAG');
insert into FEATURE_TYPE_ATTRIBUTE(FEATURE_TYPE_ATTRIBUTE_ID, NAME, TYPE, IDENTIFIER, IS_TITLE, FEATURE_TYPE_ID, IS_DB_ATTRIBUTE, TITLE) values (11457, 'CREATED_BY', 'java.lang.String', 'N', 'N', 5272, 'Y', 'CREATED_BY');
insert into FEATURE_TYPE_ATTRIBUTE(FEATURE_TYPE_ATTRIBUTE_ID, NAME, TYPE, IDENTIFIER, IS_TITLE, FEATURE_TYPE_ID, IS_DB_ATTRIBUTE, TITLE) values (11458, 'CREATED_DATE', 'java.util.Date', 'N', 'N', 5272, 'Y', 'CREATED_DATE');
insert into FEATURE_TYPE_ATTRIBUTE(FEATURE_TYPE_ATTRIBUTE_ID, NAME, TYPE, IDENTIFIER, IS_TITLE, FEATURE_TYPE_ID, IS_DB_ATTRIBUTE, TITLE) values (11459, 'DISTANCE', 'java.lang.Double', 'N', 'N', 5272, 'N', 'DISTANCE');
insert into FEATURE_TYPE_ATTRIBUTE(FEATURE_TYPE_ATTRIBUTE_ID, NAME, TYPE, IDENTIFIER, IS_TITLE, FEATURE_TYPE_ID, IS_DB_ATTRIBUTE, TITLE) values (11460, 'EASEMENT_FLAG', 'java.lang.String', 'N', 'N', 5272, 'Y', 'EASEMENT_FLAG');
insert into FEATURE_TYPE_ATTRIBUTE(FEATURE_TYPE_ATTRIBUTE_ID, NAME, TYPE, IDENTIFIER, IS_TITLE, FEATURE_TYPE_ID, IS_DB_ATTRIBUTE, TITLE) values (11461, 'EFFECTIVE_TAX_YEAR', 'java.lang.String', 'N', 'N', 5272, 'Y', 'Effective Tax Year');
insert into FT_DATA_STORE_RENDERER(FT_DATA_STORE_RENDERER_ID, FEATURE_TYPE_ID, TABULAR, NAME, TITLE, CSS_CLASS, CREDIT) values (10491, 5272, 'Y', 'TAX_LOT_POLYGON2IdentifyRenderer', 'Tax Lot', null, null);
insert into FEATURE_TYPE_ATTRIBUTE(FEATURE_TYPE_ATTRIBUTE_ID, NAME, TYPE, IDENTIFIER, IS_TITLE, FEATURE_TYPE_ID, IS_DB_ATTRIBUTE, TITLE) values (11462, 'GLOBALID', 'java.lang.String', 'N', 'N', 5272, 'Y', 'ACRIS');
insert into LINK(LINK_ID, NAME, TEXT, TITLE, HREF, TARGET, ICON_CLASS) values (1060, 'LOT2_ACRIS', 'View', 'View this Tax Lot in ACRIS', 'http://a836-acris.nyc.gov/bblsearch/bblsearch.asp?borough=${BORO}\&block=${BLOCK}\&lot=${LOT}', '_new', null);
insert into FT_DATA_STORE_REND_FIELD(FT_DATA_STORE_REND_FIELD_ID, FEATURE_TYPE_ATTRIBUTE_ID, FT_DATA_STORE_RENDERER_ID, LINK_ID, DISPLAY_TITLE, LINK_ONLY, RENDER_ORDER, TITLE_PREFIX, TITLE_POSTFIX, VALUE_PREFIX, VALUE_POSTFIX) values (15804, 11462, 10491, 1060, 'Y', 'Y', 1, null, null, null, null);
insert into FT_DATA_STORE_REND_FIELD(FT_DATA_STORE_REND_FIELD_ID, FEATURE_TYPE_ATTRIBUTE_ID, FT_DATA_STORE_RENDERER_ID, LINK_ID, DISPLAY_TITLE, LINK_ONLY, RENDER_ORDER, TITLE_PREFIX, TITLE_POSTFIX, VALUE_PREFIX, VALUE_POSTFIX) values (15805, 11461, 10491, null, 'Y', 'N', 2, null, null, null, null);
insert into FEATURE_TYPE_ATTRIBUTE(FEATURE_TYPE_ATTRIBUTE_ID, NAME, TYPE, IDENTIFIER, IS_TITLE, FEATURE_TYPE_ID, IS_DB_ATTRIBUTE, TITLE) values (11463, 'INDEX', 'java.lang.Integer', 'N', 'N', 5272, 'N', 'INDEX');
insert into FEATURE_TYPE_ATTRIBUTE(FEATURE_TYPE_ATTRIBUTE_ID, NAME, TYPE, IDENTIFIER, IS_TITLE, FEATURE_TYPE_ID, IS_DB_ATTRIBUTE, TITLE) values (11464, 'LAST_MODIFIED_BY', 'java.lang.String', 'N', 'N', 5272, 'Y', 'LAST_MODIFIED_BY');
insert into FEATURE_TYPE_ATTRIBUTE(FEATURE_TYPE_ATTRIBUTE_ID, NAME, TYPE, IDENTIFIER, IS_TITLE, FEATURE_TYPE_ID, IS_DB_ATTRIBUTE, TITLE) values (11465, 'LAST_MODIFIED_DATE', 'java.util.Date', 'N', 'N', 5272, 'Y', 'LAST_MODIFIED_DATE');
insert into FEATURE_TYPE_ATTRIBUTE(FEATURE_TYPE_ATTRIBUTE_ID, NAME, TYPE, IDENTIFIER, IS_TITLE, FEATURE_TYPE_ID, IS_DB_ATTRIBUTE, TITLE) values (11466, 'LOT', 'java.lang.Integer', 'N', 'N', 5272, 'Y', 'LOT');
insert into FEATURE_TYPE_ATTRIBUTE(FEATURE_TYPE_ATTRIBUTE_ID, NAME, TYPE, IDENTIFIER, IS_TITLE, FEATURE_TYPE_ID, IS_DB_ATTRIBUTE, TITLE) values (11467, 'LOT_NOTE', 'java.lang.String', 'N', 'N', 5272, 'Y', 'LOT_NOTE');
insert into FEATURE_TYPE_ATTRIBUTE(FEATURE_TYPE_ATTRIBUTE_ID, NAME, TYPE, IDENTIFIER, IS_TITLE, FEATURE_TYPE_ID, IS_DB_ATTRIBUTE, TITLE) values (11468, 'MISSING_RPAD_FLAG', 'java.lang.Integer', 'N', 'N', 5272, 'Y', 'MISSING_RPAD_FLAG');
insert into FEATURE_TYPE_ATTRIBUTE(FEATURE_TYPE_ATTRIBUTE_ID, NAME, TYPE, IDENTIFIER, IS_TITLE, FEATURE_TYPE_ID, IS_DB_ATTRIBUTE, TITLE) values (11469, 'NUMBER_LOT_SIDES', 'java.lang.Integer', 'N', 'N', 5272, 'Y', 'NUMBER_LOT_SIDES');
insert into FEATURE_TYPE_ATTRIBUTE(FEATURE_TYPE_ATTRIBUTE_ID, NAME, TYPE, IDENTIFIER, IS_TITLE, FEATURE_TYPE_ID, IS_DB_ATTRIBUTE, TITLE) values (11470, 'NYCMAP_BLDG_FLAG', 'java.lang.Integer', 'N', 'N', 5272, 'Y', 'NYCMAP_BLDG_FLAG');
insert into FEATURE_TYPE_ATTRIBUTE(FEATURE_TYPE_ATTRIBUTE_ID, NAME, TYPE, IDENTIFIER, IS_TITLE, FEATURE_TYPE_ID, IS_DB_ATTRIBUTE, TITLE) values (11471, 'PAGE_NUMBER', 'java.lang.String', 'N', 'N', 5272, 'Y', 'PAGE_NUMBER');
insert into FEATURE_TYPE_ATTRIBUTE(FEATURE_TYPE_ATTRIBUTE_ID, NAME, TYPE, IDENTIFIER, IS_TITLE, FEATURE_TYPE_ID, IS_DB_ATTRIBUTE, TITLE) values (11472, 'REGULAR_LOT_INDICATOR', 'java.lang.String', 'N', 'N', 5272, 'Y', 'REGULAR_LOT_INDICATOR');
insert into FEATURE_TYPE_ATTRIBUTE(FEATURE_TYPE_ATTRIBUTE_ID, NAME, TYPE, IDENTIFIER, IS_TITLE, FEATURE_TYPE_ID, IS_DB_ATTRIBUTE, TITLE) values (11473, 'REUC_FLAG', 'java.lang.String', 'N', 'N', 5272, 'Y', 'REUC_FLAG');
insert into FEATURE_TYPE_ATTRIBUTE(FEATURE_TYPE_ATTRIBUTE_ID, NAME, TYPE, IDENTIFIER, IS_TITLE, FEATURE_TYPE_ID, IS_DB_ATTRIBUTE, TITLE) values (11474, 'SECTION_NUMBER', 'java.lang.Integer', 'N', 'N', 5272, 'Y', 'SECTION_NUMBER');
insert into FEATURE_TYPE_ATTRIBUTE(FEATURE_TYPE_ATTRIBUTE_ID, NAME, TYPE, IDENTIFIER, IS_TITLE, FEATURE_TYPE_ID, IS_DB_ATTRIBUTE, TITLE) values (11475, 'SHAPE', 'com.vividsolutions.jts.geom.MultiPolygon', 'N', 'N', 5272, 'Y', 'SHAPE');
insert into FEATURE_TYPE_ATTRIBUTE(FEATURE_TYPE_ATTRIBUTE_ID, NAME, TYPE, IDENTIFIER, IS_TITLE, FEATURE_TYPE_ID, IS_DB_ATTRIBUTE, TITLE) values (11476, 'SUBTERRANEAN_FLAG', 'java.lang.String', 'N', 'N', 5272, 'Y', 'SUBTERRANEAN_FLAG');
insert into FEATURE_TYPE_ATTRIBUTE(FEATURE_TYPE_ATTRIBUTE_ID, NAME, TYPE, IDENTIFIER, IS_TITLE, FEATURE_TYPE_ID, IS_DB_ATTRIBUTE, TITLE) values (11477, 'VALUE_REFLECTED_OUT_FLAG', 'java.lang.Integer', 'N', 'N', 5272, 'Y', 'VALUE_REFLECTED_OUT_FLAG');
insert into FEATURE_TYPE_ATTRIBUTE(FEATURE_TYPE_ATTRIBUTE_ID, NAME, TYPE, IDENTIFIER, IS_TITLE, FEATURE_TYPE_ID, IS_DB_ATTRIBUTE, TITLE) values (11478, 'VOLUME_NUMBER', 'java.lang.Integer', 'N', 'N', 5272, 'Y', 'VOLUME_NUMBER');
insert into COMPOUND_FEATURE_TYPE(COMPOUND_FEATURE_TYPE_ID, NAME, TITLE, CAN_FIND_NEAREST) values (4027, 'TAX_LOT_POLYGON2', 'DOF_TAXMAP.TAX_LOT_POLYGON', 'N');
insert into FTYPE_COMPOUND_FTYPE(COMPOUND_FEATURE_TYPE_ID, FEATURE_TYPE_ID) values (4027, 5272);
insert into SPATIAL_FEATURE_TYPE(FEATURE_TYPE_ID, MARKUP_ORDER, MIN_ZOOM, MAX_ZOOM, USER_META_DATA_ID) values (5272, 98, 0, 0, null);

update web_feature_service set url = 'http://localhost/geoserver/wfs' where web_feature_service_id= 4;
update web_feature_service set style_url = 'http://localhost/doitt/webmap-conf/styles/' where web_feature_service_id= 4;